sequence,length,first_aa,predicted_p_rf2,predicted_p_final_given_rf2,predicted_p_final,rf2_score,final_score,combined_score,soft_score,diversity_score,recommended_mutation
AMNIYH,6,A,0.542636,0.009002,0.004885,4.5,1.0,2.4,4.5,6.33,序列符合漏斗感知约束
ADMMFV,6,A,0.542636,0.009002,0.004885,4.5,1.0,2.4,4.5,6.41,序列符合漏斗感知约束
VNNWRF,6,V,0.542636,0.009002,0.004885,4.5,1.0,2.4,4.5,6.38,序列符合漏斗感知约束
DVNPYD,6,D,0.542636,0.009002,0.004885,4.5,1.0,2.4,4.5,6.39,序列符合漏斗感知约束
VFATFD,6,V,0.542636,0.009002,0.004885,4.5,1.0,2.4,4.5,6.28,序列符合漏斗感知约束
AMAYMH,6,A,0.542636,0.009002,0.004885,4.5,1.0,2.4,4.5,6.36,序列符合漏斗感知约束
VWPDLW,6,V,0.542636,0.009002,0.004885,4.5,1.0,2.4,4.5,6.38,序列符合漏斗感知约束
DRTWLT,6,D,0.542636,0.009002,0.004885,4.5,1.0,2.4,4.5,6.36,序列符合漏斗感知约束
VHCIWA,6,V,0.542636,0.009002,0.004885,4.5,1.0,2.4,4.5,6.25,序列符合漏斗感知约束
TLAFYD,6,T,0.542636,0.009002,0.004885,4.5,1.0,2.4,4.5,6.19,序列符合漏斗感知约束
VIFRAA,6,V,0.542636,0.009002,0.004885,4.5,1.0,2.4,4.5,6.29,序列符合漏斗感知约束
DHMKFT,6,D,0.542636,0.009002,0.004885,4.5,1.0,2.4,4.5,6.36,序列符合漏斗感知约束
ADNFKA,6,A,0.542636,0.009002,0.004885,4.5,1.0,2.4,4.5,6.3,序列符合漏斗感知约束
AQWLAT,6,A,0.542636,0.009002,0.004885,4.5,1.0,2.4,4.5,6.26,序列符合漏斗感知约束
DCVWQF,6,D,0.542636,0.009002,0.004885,4.5,1.0,2.4,4.5,6.31,序列符合漏斗感知约束
AFYLTV,6,A,0.542636,0.009002,0.004885,4.5,1.0,2.4,4.5,6.21,序列符合漏斗感知约束
AKPKWN,6,A,0.542636,0.009002,0.004885,4.5,1.0,2.4,4.5,6.32,序列符合漏斗感知约束
DYLYCF,6,D,0.542636,0.009002,0.004885,4.5,1.0,2.4,4.5,6.28,序列符合漏斗感知约束
ALWRYW,6,A,0.542636,0.009002,0.004885,4.5,1.0,2.4,4.5,6.19,序列符合漏斗感知约束
TWLVKA,6,T,0.542636,0.009002,0.004885,4.5,1.0,2.4,4.5,6.28,序列符合漏斗感知约束
TECKAF,6,T,0.542636,0.009002,0.004885,4.5,1.0,2.4,4.5,6.3,序列符合漏斗感知约束
AQHWIY,6,A,0.542636,0.009002,0.004885,4.5,1.0,2.4,4.5,6.23,序列符合漏斗感知约束
ALDFQW,6,A,0.542636,0.009002,0.004885,4.5,1.0,2.4,4.5,6.24,序列符合漏斗感知约束
TLFMKY,6,T,0.542636,0.009002,0.004885,4.5,1.0,2.4,4.5,6.27,序列符合漏斗感知约束
TYAMNT,6,T,0.542636,0.009002,0.004885,4.5,1.0,2.4,4.5,6.28,序列符合漏斗感知约束
THEAPY,6,T,0.542636,0.009002,0.004885,4.5,1.0,2.4,4.5,6.35,序列符合漏斗感知约束
DWPDTN,6,D,0.542636,0.009002,0.004885,4.5,1.0,2.4,4.5,6.37,序列符合漏斗感知约束
DMLFFA,6,D,0.542636,0.009002,0.004885,4.5,1.0,2.4,4.5,6.23,序列符合漏斗感知约束
ACPNDY,6,A,0.542636,0.009002,0.004885,4.5,1.0,2.4,4.5,6.37,序列符合漏斗感知约束
DQLDWH,6,D,0.542636,0.009002,0.004885,4.5,1.0,2.4,4.5,6.27,序列符合漏斗感知约束
TIFKTH,6,T,0.542636,0.009002,0.004885,4.5,1.0,2.4,4.5,6.27,序列符合漏斗感知约束
VTLMYA,6,V,0.542636,0.009002,0.004885,4.5,1.0,2.4,4.5,6.23,序列符合漏斗感知约束
DVYIMF,6,D,0.542636,0.009002,0.004885,4.5,1.0,2.4,4.5,6.22,序列符合漏斗感知约束
VMHFYH,6,V,0.542636,0.009002,0.004885,4.5,1.0,2.4,4.5,6.21,序列符合漏斗感知约束
ARAFCH,6,A,0.542636,0.009002,0.004885,4.5,1.0,2.4,4.5,6.27,序列符合漏斗感知约束
AAPRAW,6,A,0.542636,0.009002,0.004885,4.5,1.0,2.4,4.5,6.35,序列符合漏斗感知约束
TIYWFV,6,T,0.542636,0.009002,0.004885,4.5,1.0,2.4,4.5,6.05,序列符合漏斗感知约束
AWFLYA,6,A,0.542636,0.009002,0.004885,4.5,1.0,2.4,4.5,6.08,序列符合漏斗感知约束
ATNFMY,6,A,0.542636,0.009002,0.004885,4.5,1.0,2.4,4.5,6.17,序列符合漏斗感知约束
TWQMIT,6,T,0.542636,0.009002,0.004885,4.5,1.0,2.4,4.5,6.27,序列符合漏斗感知约束
VYRILY,6,V,0.542636,0.009002,0.004885,4.5,1.0,2.4,4.5,6.2,序列符合漏斗感知约束
DTFNEA,6,D,0.542636,0.009002,0.004885,4.5,1.0,2.4,4.5,6.25,序列符合漏斗感知约束
VWWERT,6,V,0.542636,0.009002,0.004885,4.5,1.0,2.4,4.5,6.24,序列符合漏斗感知约束
VIHLHF,6,V,0.542636,0.009002,0.004885,4.5,1.0,2.4,4.5,6.26,序列符合漏斗感知约束
THVPFD,6,T,0.542636,0.009002,0.004885,4.5,1.0,2.4,4.5,6.31,序列符合漏斗感知约束
TFAIQH,6,T,0.542636,0.009002,0.004885,4.5,1.0,2.4,4.5,6.2,序列符合漏斗感知约束
TIWYEY,6,T,0.542636,0.009002,0.004885,4.5,1.0,2.4,4.5,6.14,序列符合漏斗感知约束
VTFDFT,6,V,0.542636,0.009002,0.004885,4.5,1.0,2.4,4.5,6.17,序列符合漏斗感知约束
TFRQIA,6,T,0.542636,0.009002,0.004885,4.5,1.0,2.4,4.5,6.23,序列符合漏斗感知约束
TDLQWF,6,T,0.542636,0.009002,0.004885,4.5,1.0,2.4,4.5,6.19,序列符合漏斗感知约束
ALVCPW,6,A,0.542636,0.009002,0.004885,4.5,1.0,2.4,4.5,6.28,序列符合漏斗感知约束
DYLVAY,6,D,0.542636,0.009002,0.004885,4.5,1.0,2.4,4.5,6.14,序列符合漏斗感知约束
VFFYVV,6,V,0.542636,0.009002,0.004885,4.5,1.0,2.4,4.5,6.23,序列符合漏斗感知约束
DFDDKW,6,D,0.542636,0.009002,0.004885,4.5,1.0,2.4,4.5,6.33,序列符合漏斗感知约束
VIWNCH,6,V,0.542636,0.009002,0.004885,4.5,1.0,2.4,4.5,6.19,序列符合漏斗感知约束
VCTWYT,6,V,0.542636,0.009002,0.004885,4.5,1.0,2.4,4.5,6.13,序列符合漏斗感知约束
VPTAFH,6,V,0.542636,0.009002,0.004885,4.5,1.0,2.4,4.5,6.24,序列符合漏斗感知约束
TYFRNW,6,T,0.542636,0.009002,0.004885,4.5,1.0,2.4,4.5,6.15,序列符合漏斗感知约束
VEVWWH,6,V,0.542636,0.009002,0.004885,4.5,1.0,2.4,4.5,6.2,序列符合漏斗感知约束
DWCDWA,6,D,0.542636,0.009002,0.004885,4.5,1.0,2.4,4.5,6.13,序列符合漏斗感知约束
VLCHYF,6,V,0.542636,0.009002,0.004885,4.5,1.0,2.4,4.5,6.19,序列符合漏斗感知约束
ACMAWD,6,A,0.542636,0.009002,0.004885,4.5,1.0,2.4,4.5,6.16,序列符合漏斗感知约束
TCMQMF,6,T,0.542636,0.009002,0.004885,4.5,1.0,2.4,4.5,6.28,序列符合漏斗感知约束
TFKLHA,6,T,0.542636,0.009002,0.004885,4.5,1.0,2.4,4.5,6.17,序列符合漏斗感知约束
DNDFVV,6,D,0.542636,0.009002,0.004885,4.5,1.0,2.4,4.5,6.28,序列符合漏斗感知约束
ADCDCF,6,A,0.542636,0.009002,0.004885,4.5,1.0,2.4,4.5,6.29,序列符合漏斗感知约束
TVRLVW,6,T,0.542636,0.009002,0.004885,4.5,1.0,2.4,4.5,6.21,序列符合漏斗感知约束
AQWTKV,6,A,0.542636,0.009002,0.004885,4.5,1.0,2.4,4.5,6.24,序列符合漏斗感知约束
DMWQMA,6,D,0.542636,0.009002,0.004885,4.5,1.0,2.4,4.5,6.19,序列符合漏斗感知约束
AIYMFY,6,A,0.542636,0.009002,0.004885,4.5,1.0,2.4,4.5,6.02,序列符合漏斗感知约束
AMYFCT,6,A,0.542636,0.009002,0.004885,4.5,1.0,2.4,4.5,6.1,序列符合漏斗感知约束
DMAMHY,6,D,0.542636,0.009002,0.004885,4.5,1.0,2.4,4.5,6.23,序列符合漏斗感知约束
VHQMYW,6,V,0.542636,0.009002,0.004885,4.5,1.0,2.4,4.5,6.21,序列符合漏斗感知约束
TLFVWW,6,T,0.542636,0.009002,0.004885,4.5,1.0,2.4,4.5,6.14,序列符合漏斗感知约束
DKLIWY,6,D,0.542636,0.009002,0.004885,4.5,1.0,2.4,4.5,6.08,序列符合漏斗感知约束
TWNWPA,6,T,0.542636,0.009002,0.004885,4.5,1.0,2.4,4.5,6.12,序列符合漏斗感知约束
VAMEWV,6,V,0.542636,0.009002,0.004885,4.5,1.0,2.4,4.5,6.12,序列符合漏斗感知约束
TAFQCW,6,T,0.542636,0.009002,0.004885,4.5,1.0,2.4,4.5,6.15,序列符合漏斗感知约束
AVIDYN,6,A,0.542636,0.009002,0.004885,4.5,1.0,2.4,4.5,6.12,序列符合漏斗感知约束
DKVFRF,6,D,0.542636,0.009002,0.004885,4.5,1.0,2.4,4.5,6.19,序列符合漏斗感知约束
VDEFHD,6,V,0.542636,0.009002,0.004885,4.5,1.0,2.4,4.5,6.18,序列符合漏斗感知约束
AYEPMV,6,A,0.542636,0.009002,0.004885,4.5,1.0,2.4,4.5,6.21,序列符合漏斗感知约束
AFHEYW,6,A,0.542636,0.009002,0.004885,4.5,1.0,2.4,4.5,6.1,序列符合漏斗感知约束
AMEWPD,6,A,0.542636,0.009002,0.004885,4.5,1.0,2.4,4.5,6.16,序列符合漏斗感知约束
AHYWDF,6,A,0.542636,0.009002,0.004885,4.5,1.0,2.4,4.5,6.08,序列符合漏斗感知约束
AAYKFN,6,A,0.542636,0.009002,0.004885,4.5,1.0,2.4,4.5,6.1,序列符合漏斗感知约束
TWQEFN,6,T,0.542636,0.009002,0.004885,4.5,1.0,2.4,4.5,6.09,序列符合漏斗感知约束
DYMLMY,6,D,0.542636,0.009002,0.004885,4.5,1.0,2.4,4.5,6.12,序列符合漏斗感知约束
VQILNW,6,V,0.542636,0.009002,0.004885,4.5,1.0,2.4,4.5,6.17,序列符合漏斗感知约束
DQWAEA,6,D,0.542636,0.009002,0.004885,4.5,1.0,2.4,4.5,6.17,序列符合漏斗感知约束
ANWWLY,6,A,0.542636,0.009002,0.004885,4.5,1.0,2.4,4.5,6.11,序列符合漏斗感知约束
DVTYAV,6,D,0.542636,0.009002,0.004885,4.5,1.0,2.4,4.5,6.11,序列符合漏斗感知约束
DPHMMW,6,D,0.542636,0.009002,0.004885,4.5,1.0,2.4,4.5,6.31,序列符合漏斗感知约束
DIYMHT,6,D,0.542636,0.009002,0.004885,4.5,1.0,2.4,4.5,6.12,序列符合漏斗感知约束
VAQMWN,6,V,0.542636,0.009002,0.004885,4.5,1.0,2.4,4.5,6.1,序列符合漏斗感知约束
DAYYDW,6,D,0.542636,0.009002,0.004885,4.5,1.0,2.4,4.5,6.13,序列符合漏斗感知约束
DYYRLA,6,D,0.542636,0.009002,0.004885,4.5,1.0,2.4,4.5,6.15,序列符合漏斗感知约束
VRDYWH,6,V,0.542636,0.009002,0.004885,4.5,1.0,2.4,4.5,6.1,序列符合漏斗感知约束
DWHRVA,6,D,0.542636,0.009002,0.004885,4.5,1.0,2.4,4.5,6.13,序列符合漏斗感知约束
AFQQLF,6,A,0.542636,0.009002,0.004885,4.5,1.0,2.4,4.5,6.19,序列符合漏斗感知约束
DLEWWH,6,D,0.542636,0.009002,0.004885,4.5,1.0,2.4,4.5,6.09,序列符合漏斗感知约束
TWQVRY,6,T,0.542636,0.009002,0.004885,4.5,1.0,2.4,4.5,6.14,序列符合漏斗感知约束
DAIENW,6,D,0.542636,0.009002,0.004885,4.5,1.0,2.4,4.5,6.15,序列符合漏斗感知约束
AMFQQT,6,A,0.542636,0.009002,0.004885,4.5,1.0,2.4,4.5,6.18,序列符合漏斗感知约束
AFAWHF,6,A,0.542636,0.009002,0.004885,4.5,1.0,2.4,4.5,6.02,序列符合漏斗感知约束
AQHFND,6,A,0.542636,0.009002,0.004885,4.5,1.0,2.4,4.5,6.13,序列符合漏斗感知约束
VWIPDD,6,V,0.542636,0.009002,0.004885,4.5,1.0,2.4,4.5,6.21,序列符合漏斗感知约束
TQHFWW,6,T,0.542636,0.009002,0.004885,4.5,1.0,2.4,4.5,6.07,序列符合漏斗感知约束
ATWMKF,6,A,0.542636,0.009002,0.004885,4.5,1.0,2.4,4.5,6.1,序列符合漏斗感知约束
VLFFNF,6,V,0.542636,0.009002,0.004885,4.5,1.0,2.4,4.5,6.11,序列符合漏斗感知约束
ATCRYF,6,A,0.542636,0.009002,0.004885,4.5,1.0,2.4,4.5,6.08,序列符合漏斗感知约束
DQMMHW,6,D,0.542636,0.009002,0.004885,4.5,1.0,2.4,4.5,6.22,序列符合漏斗感知约束
VCQYLD,6,V,0.542636,0.009002,0.004885,4.5,1.0,2.4,4.5,6.15,序列符合漏斗感知约束
TELTQW,6,T,0.542636,0.009002,0.004885,4.5,1.0,2.4,4.5,6.17,序列符合漏斗感知约束
DAFDDH,6,D,0.542636,0.009002,0.004885,4.5,1.0,2.4,4.5,6.14,序列符合漏斗感知约束
TDDFAT,6,T,0.542636,0.009002,0.004885,4.5,1.0,2.4,4.5,6.11,序列符合漏斗感知约束
TKFYIF,6,T,0.542636,0.009002,0.004885,4.5,1.0,2.4,4.5,6.05,序列符合漏斗感知约束
VCCCLF,6,V,0.542636,0.009002,0.004885,4.5,1.0,2.4,4.5,6.26,序列符合漏斗感知约束
AFTNRT,6,A,0.542636,0.009002,0.004885,4.5,1.0,2.4,4.5,6.13,序列符合漏斗感知约束
VWPYQY,6,V,0.542636,0.009002,0.004885,4.5,1.0,2.4,4.5,6.08,序列符合漏斗感知约束
AYYIWA,6,A,0.542636,0.009002,0.004885,4.5,1.0,2.4,4.5,5.95,序列符合漏斗感知约束
ANYMCF,6,A,0.542636,0.009002,0.004885,4.5,1.0,2.4,4.5,6.09,序列符合漏斗感知约束
DAEFWT,6,D,0.542636,0.009002,0.004885,4.5,1.0,2.4,4.5,5.97,序列符合漏斗感知约束
AVCFYH,6,A,0.542636,0.009002,0.004885,4.5,1.0,2.4,4.5,5.99,序列符合漏斗感知约束
GVMWQQY,7,G,0.542636,0.005814,0.003155,5.0,1.5,2.9,4.5,0.0,"长度7: Final阶段HR=1.928(风险), 考虑缩短到6"
GADYANA,7,G,0.542636,0.005814,0.003155,5.0,1.5,2.9,4.5,6.0,"长度7: Final阶段HR=1.928(风险), 考虑缩短到6"
GRLWFSF,7,G,0.542636,0.005814,0.003155,5.0,1.5,2.9,4.5,5.5,"长度7: Final阶段HR=1.928(风险), 考虑缩短到6"
GIEYWAF,7,G,0.542636,0.005814,0.003155,5.0,1.5,2.9,4.5,5.33,"长度7: Final阶段HR=1.928(风险), 考虑缩短到6"
GLMFDEH,7,G,0.542636,0.005814,0.003155,5.0,1.5,2.9,4.5,5.5,"长度7: Final阶段HR=1.928(风险), 考虑缩短到6"
GKSDWPW,7,G,0.542636,0.005814,0.003155,5.0,1.5,2.9,4.5,5.8,"长度7: Final阶段HR=1.928(风险), 考虑缩短到6"
GFVCWPW,7,G,0.542636,0.005814,0.003155,5.0,1.5,2.9,4.5,5.17,"长度7: Final阶段HR=1.928(风险), 考虑缩短到6"
GFCMKWH,7,G,0.542636,0.005814,0.003155,5.0,1.5,2.9,4.5,5.57,"长度7: Final阶段HR=1.928(风险), 考虑缩短到6"
GWAFMFW,7,G,0.542636,0.005814,0.003155,5.0,1.5,2.9,4.5,5.38,"长度7: Final阶段HR=1.928(风险), 考虑缩短到6"
GFNDIYW,7,G,0.542636,0.005814,0.003155,5.0,1.5,2.9,4.5,5.33,"长度7: Final阶段HR=1.928(风险), 考虑缩短到6"
GCQHLWA,7,G,0.542636,0.005814,0.003155,5.0,1.5,2.9,4.5,5.7,"长度7: Final阶段HR=1.928(风险), 考虑缩短到6"
GFTYWAW,7,G,0.542636,0.005814,0.003155,5.0,1.5,2.9,4.5,4.73,"长度7: Final阶段HR=1.928(风险), 考虑缩短到6"
GIYLKYF,7,G,0.542636,0.005814,0.003155,5.0,1.5,2.9,4.5,5.58,"长度7: Final阶段HR=1.928(风险), 考虑缩短到6"
GRFFFDY,7,G,0.542636,0.005814,0.003155,5.0,1.5,2.9,4.5,5.54,"长度7: Final阶段HR=1.928(风险), 考虑缩短到6"
GEFEWAD,7,G,0.542636,0.005814,0.003155,5.0,1.5,2.9,4.5,5.43,"长度7: Final阶段HR=1.928(风险), 考虑缩短到6"
GLCIFWN,7,G,0.542636,0.005814,0.003155,5.0,1.5,2.9,4.5,5.4,"长度7: Final阶段HR=1.928(风险), 考虑缩短到6"
GFMMHKV,7,G,0.542636,0.005814,0.003155,5.0,1.5,2.9,4.5,5.56,"长度7: Final阶段HR=1.928(风险), 考虑缩短到6"
GTLAFMY,7,G,0.542636,0.005814,0.003155,5.0,1.5,2.9,4.5,5.47,"长度7: Final阶段HR=1.928(风险), 考虑缩短到6"
GAWILMV,7,G,0.542636,0.005814,0.003155,5.0,1.5,2.9,4.5,5.67,"长度7: Final阶段HR=1.928(风险), 考虑缩短到6"
GNFAAWD,7,G,0.542636,0.005814,0.003155,5.0,1.5,2.9,4.5,5.37,"长度7: Final阶段HR=1.928(风险), 考虑缩短到6"
GFMRWVA,7,G,0.542636,0.005814,0.003155,5.0,1.5,2.9,4.5,5.1,"长度7: Final阶段HR=1.928(风险), 考虑缩短到6"
GAMTFDT,7,G,0.542636,0.005814,0.003155,5.0,1.5,2.9,4.5,5.38,"长度7: Final阶段HR=1.928(风险), 考虑缩短到6"
GYQILVN,7,G,0.542636,0.005814,0.003155,5.0,1.5,2.9,4.5,5.68,"长度7: Final阶段HR=1.928(风险), 考虑缩短到6"
GQWLHHA,7,G,0.542636,0.005814,0.003155,5.0,1.5,2.9,4.5,5.65,"长度7: Final阶段HR=1.928(风险), 考虑缩短到6"
GEWVWMV,7,G,0.542636,0.005814,0.003155,5.0,1.5,2.9,4.5,5.42,"长度7: Final阶段HR=1.928(风险), 考虑缩短到6"
GVLRPYV,7,G,0.542636,0.005814,0.003155,5.0,1.5,2.9,4.5,5.6,"长度7: Final阶段HR=1.928(风险), 考虑缩短到6"
GFFCQWT,7,G,0.542636,0.005814,0.003155,5.0,1.5,2.9,4.5,5.35,"长度7: Final阶段HR=1.928(风险), 考虑缩短到6"
GMFINPF,7,G,0.542636,0.005814,0.003155,5.0,1.5,2.9,4.5,5.52,"长度7: Final阶段HR=1.928(风险), 考虑缩短到6"
GVEWYFV,7,G,0.542636,0.005814,0.003155,5.0,1.5,2.9,4.5,5.46,"长度7: Final阶段HR=1.928(风险), 考虑缩短到6"
GLKLILY,7,G,0.542636,0.005814,0.003155,5.0,1.5,2.9,4.5,5.62,"长度7: Final阶段HR=1.928(风险), 考虑缩短到6"
GWLCINT,7,G,0.542636,0.005814,0.003155,5.0,1.5,2.9,4.5,5.5,"长度7: Final阶段HR=1.928(风险), 考虑缩短到6"
GVHWWHV,7,G,0.542636,0.005814,0.003155,5.0,1.5,2.9,4.5,5.32,"长度7: Final阶段HR=1.928(风险), 考虑缩短到6"
GIWMFWS,7,G,0.542636,0.005814,0.003155,5.0,1.5,2.9,4.5,5.31,"长度7: Final阶段HR=1.928(风险), 考虑缩短到6"
GITQFAW,7,G,0.542636,0.005814,0.003155,5.0,1.5,2.9,4.5,5.39,"长度7: Final阶段HR=1.928(风险), 考虑缩短到6"
GDLAHVF,7,G,0.542636,0.005814,0.003155,5.0,1.5,2.9,4.5,5.5,"长度7: Final阶段HR=1.928(风险), 考虑缩短到6"
GYVMWHF,7,G,0.542636,0.005814,0.003155,5.0,1.5,2.9,4.5,5.29,"长度7: Final阶段HR=1.928(风险), 考虑缩短到6"
GLNVWMT,7,G,0.542636,0.005814,0.003155,5.0,1.5,2.9,4.5,5.44,"长度7: Final阶段HR=1.928(风险), 考虑缩短到6"
GEFFICN,7,G,0.542636,0.005814,0.003155,5.0,1.5,2.9,4.5,5.59,"长度7: Final阶段HR=1.928(风险), 考虑缩短到6"
GFFIQYN,7,G,0.542636,0.005814,0.003155,5.0,1.5,2.9,4.5,5.26,"长度7: Final阶段HR=1.928(风险), 考虑缩短到6"
GIMWIWD,7,G,0.542636,0.005814,0.003155,5.0,1.5,2.9,4.5,5.18,"长度7: Final阶段HR=1.928(风险), 考虑缩短到6"
GLKIITF,7,G,0.542636,0.005814,0.003155,5.0,1.5,2.9,4.5,5.45,"长度7: Final阶段HR=1.928(风险), 考虑缩短到6"
GFWYLFF,7,G,0.542636,0.005814,0.003155,5.0,1.5,2.9,4.5,5.29,"长度7: Final阶段HR=1.928(风险), 考虑缩短到6"
GLFWWNA,7,G,0.542636,0.005814,0.003155,5.0,1.5,2.9,4.5,5.17,"长度7: Final阶段HR=1.928(风险), 考虑缩短到6"
GVWTYIA,7,G,0.542636,0.005814,0.003155,5.0,1.5,2.9,4.5,5.51,"长度7: Final阶段HR=1.928(风险), 考虑缩短到6"
GTTAWAA,7,G,0.542636,0.005814,0.003155,5.0,1.5,2.9,4.5,5.39,"长度7: Final阶段HR=1.928(风险), 考虑缩短到6"
GWCHMFT,7,G,0.542636,0.005814,0.003155,5.0,1.5,2.9,4.5,5.6,"长度7: Final阶段HR=1.928(风险), 考虑缩短到6"
GEAVLYV,7,G,0.542636,0.005814,0.003155,5.0,1.5,2.9,4.5,5.52,"长度7: Final阶段HR=1.928(风险), 考虑缩短到6"
GKTFWWV,7,G,0.542636,0.005814,0.003155,5.0,1.5,2.9,4.5,5.21,"长度7: Final阶段HR=1.928(风险), 考虑缩短到6"
GAVFKPD,7,G,0.542636,0.005814,0.003155,5.0,1.5,2.9,4.5,5.58,"长度7: Final阶段HR=1.928(风险), 考虑缩短到6"
GLWCCLF,7,G,0.542636,0.005814,0.003155,5.0,1.5,2.9,4.5,5.43,"长度7: Final阶段HR=1.928(风险), 考虑缩短到6"
GTVAFIS,7,G,0.542636,0.005814,0.003155,5.0,1.5,2.9,4.5,5.6,"长度7: Final阶段HR=1.928(风险), 考虑缩短到6"
GSLHAQW,7,G,0.542636,0.005814,0.003155,5.0,1.5,2.9,4.5,5.63,"长度7: Final阶段HR=1.928(风险), 考虑缩短到6"
GYLYFAW,7,G,0.542636,0.005814,0.003155,5.0,1.5,2.9,4.5,5.21,"长度7: Final阶段HR=1.928(风险), 考虑缩短到6"
GWTMDFN,7,G,0.542636,0.005814,0.003155,5.0,1.5,2.9,4.5,5.53,"长度7: Final阶段HR=1.928(风险), 考虑缩短到6"
GQNWLWF,7,G,0.542636,0.005814,0.003155,5.0,1.5,2.9,4.5,5.33,"长度7: Final阶段HR=1.928(风险), 考虑缩短到6"
GTFSMFD,7,G,0.542636,0.005814,0.003155,5.0,1.5,2.9,4.5,5.45,"长度7: Final阶段HR=1.928(风险), 考虑缩短到6"
GLDFFTW,7,G,0.542636,0.005814,0.003155,5.0,1.5,2.9,4.5,5.36,"长度7: Final阶段HR=1.928(风险), 考虑缩短到6"
GMWFWAV,7,G,0.542636,0.005814,0.003155,5.0,1.5,2.9,4.5,5.09,"长度7: Final阶段HR=1.928(风险), 考虑缩短到6"
GVIFDCH,7,G,0.542636,0.005814,0.003155,5.0,1.5,2.9,4.5,5.64,"长度7: Final阶段HR=1.928(风险), 考虑缩短到6"
GCEFWCA,7,G,0.542636,0.005814,0.003155,5.0,1.5,2.9,4.5,5.32,"长度7: Final阶段HR=1.928(风险), 考虑缩短到6"
GWMNACN,7,G,0.542636,0.005814,0.003155,5.0,1.5,2.9,4.5,5.6,"长度7: Final阶段HR=1.928(风险), 考虑缩短到6"
GKYVIMF,7,G,0.542636,0.005814,0.003155,5.0,1.5,2.9,4.5,5.49,"长度7: Final阶段HR=1.928(风险), 考虑缩短到6"
GLYWFFV,7,G,0.542636,0.005814,0.003155,5.0,1.5,2.9,4.5,5.18,"长度7: Final阶段HR=1.928(风险), 考虑缩短到6"
GIFLYMY,7,G,0.542636,0.005814,0.003155,5.0,1.5,2.9,4.5,5.44,"长度7: Final阶段HR=1.928(风险), 考虑缩短到6"
GLWRCQA,7,G,0.542636,0.005814,0.003155,5.0,1.5,2.9,4.5,5.48,"长度7: Final阶段HR=1.928(风险), 考虑缩短到6"
GWHLHRW,7,G,0.542636,0.005814,0.003155,5.0,1.5,2.9,4.5,5.6,"长度7: Final阶段HR=1.928(风险), 考虑缩短到6"
GNYMRAV,7,G,0.542636,0.005814,0.003155,5.0,1.5,2.9,4.5,5.53,"长度7: Final阶段HR=1.928(风险), 考虑缩短到6"
GYVLSWV,7,G,0.542636,0.005814,0.003155,5.0,1.5,2.9,4.5,5.43,"长度7: Final阶段HR=1.928(风险), 考虑缩短到6"
GIAVVFA,7,G,0.542636,0.005814,0.003155,5.0,1.5,2.9,4.5,5.49,"长度7: Final阶段HR=1.928(风险), 考虑缩短到6"
GETFWLY,7,G,0.542636,0.005814,0.003155,5.0,1.5,2.9,4.5,5.29,"长度7: Final阶段HR=1.928(风险), 考虑缩短到6"
GWIQAAY,7,G,0.542636,0.005814,0.003155,5.0,1.5,2.9,4.5,5.54,"长度7: Final阶段HR=1.928(风险), 考虑缩短到6"
GVAYLKH,7,G,0.542636,0.005814,0.003155,5.0,1.5,2.9,4.5,5.59,"长度7: Final阶段HR=1.928(风险), 考虑缩短到6"
GMWFFMA,7,G,0.542636,0.005814,0.003155,5.0,1.5,2.9,4.5,5.18,"长度7: Final阶段HR=1.928(风险), 考虑缩短到6"
GLYFTWT,7,G,0.542636,0.005814,0.003155,5.0,1.5,2.9,4.5,5.27,"长度7: Final阶段HR=1.928(风险), 考虑缩短到6"
GPCWWMV,7,G,0.542636,0.005814,0.003155,5.0,1.5,2.9,4.5,5.36,"长度7: Final阶段HR=1.928(风险), 考虑缩短到6"
GYFFYVH,7,G,0.542636,0.005814,0.003155,5.0,1.5,2.9,4.5,5.4,"长度7: Final阶段HR=1.928(风险), 考虑缩短到6"
