sequence_id,original_cdr3,original_len,truncated_cdr3,target_len
1,GSGTDTQSFTH,11,GSGTDT,6
1,GSGTDTQSFTH,11,GSGTDTQ,7
2,GSGTSTEDFKY,11,GSGTST,6
2,GSGTSTEDFKY,11,GSGTSTE,7
3,GSGTAVSDFTY,11,GSGTAV,6
3,GSGTAVSDFTY,11,GSGTAVS,7
4,GSGTSTSEFQY,11,GSGTST,6
4,GSGTSTSEFQY,11,GSGTSTS,7
9,GSFGHPSLFQY,11,GSFGHP,6
9,GSFGHPSLFQY,11,GSFGHPS,7
10,GDFGDPSLFQY,11,GDFGDP,6
10,GDFGDPSLFQY,11,GDFGDPS,7
11,GTLGDPSLFQY,11,GTLGDP,6
11,GTLGDPSLFQY,11,GTLGDPS,7
12,GSLGNASNFQY,11,GSLGNA,6
12,GSLGNASNFQY,11,GSLGNAS,7
13,GPSLGEPFQY,10,GPSLGE,6
13,GPSLGEPFQY,10,GPSLGEP,7
14,GSSLGEPFQY,10,GSSLGE,6
14,GSSLGEPFQY,10,GSSLGEP,7
15,GSSMGLPFQY,10,GSSMGL,6
15,GSSMGLPFQY,10,GSSMGLP,7
16,GSSVGLPFQY,10,GSSVGL,6
16,GSSVGLPFQY,10,GSSVGLP,7
17,GTGTDPREFKY,11,GTGTDP,6
17,GTGTDPREFKY,11,GTGTDPR,7
18,GSGTDPRDFTY,11,GSGTDP,6
18,GSGTDPRDFTY,11,GSGTDPR,7
20,GSGTDPENFLY,11,GSGTDP,6
20,GSGTDPENFLY,11,GSGTDPE,7
21,GSSSTLSGSYPY,12,GSSSTL,6
21,GSSSTLSGSYPY,12,GSSSTLS,7
22,GPGSTLTQSFPY,12,GPGSTL,6
22,GPGSTLTQSFPY,12,GPGSTLT,7
23,GPNTSLTGSYAY,12,GPNTSL,6
23,GPNTSLTGSYAY,12,GPNTSLT,7
24,GPGSTLTQSYPY,12,GPGSTL,6
24,GPGSTLTQSYPY,12,GPGSTLT,7
29,GPGNISNYQY,10,GPGNIS,6
29,GPGNISNYQY,10,GPGNISN,7
30,GLNNISDFQY,10,GLNNIS,6
30,GLNNISDFQY,10,GLNNISD,7
31,GLNNIDNFEY,10,GLNNID,6
31,GLNNIDNFEY,10,GLNNIDN,7
32,GPGNISDFQY,10,GPGNIS,6
32,GPGNISDFQY,10,GPGNISD,7
37,QHLSETNWTA,10,QHLSET,6
37,QHLSETNWTA,10,QHLSETN,7
38,QHNSETSWQY,10,QHNSET,6
38,QHNSETSWQY,10,QHNSETS,7
39,QHLSQTHWQY,10,QHLSQT,6
39,QHLSQTHWQY,10,QHLSQTH,7
40,QHSSSSSWQY,10,QHSSSS,6
40,QHSSSSSWQY,10,QHSSSSS,7
53,GSGIQPEDKQY,11,GSGIQP,6
53,GSGIQPEDKQY,11,GSGIQPE,7
54,GSGINPEDKQY,11,GSGINP,6
54,GSGINPEDKQY,11,GSGINPE,7
55,GSGISSSDKQF,11,GSGISS,6
55,GSGISSSDKQF,11,GSGISSS,7
56,GSGIRPEDQRY,11,GSGIRP,6
56,GSGIRPEDQRY,11,GSGIRPE,7
57,GNSSGFTY,8,GNSSGF,6
57,GNSSGFTY,8,GNSSGFT,7
58,GNKSGFTY,8,GNKSGF,6
58,GNKSGFTY,8,GNKSGFT,7
59,GNNSDFTA,8,GNNSDF,6
59,GNNSDFTA,8,GNNSDFT,7
60,GKNSGFTY,8,GKNSGF,6
60,GKNSGFTY,8,GKNSGFT,7
65,GSDGHFTH,8,GSDGHF,6
65,GSDGHFTH,8,GSDGHFT,7
66,GADGHFTH,8,GADGHF,6
66,GADGHFTH,8,GADGHFT,7
67,GSNGHFTY,8,GSNGHF,6
67,GSNGHFTY,8,GSNGHFT,7
68,GQDGHFQY,8,GQDGHF,6
68,GQDGHFQY,8,GQDGHFQ,7
69,GSSLGEPFLY,10,GSSLGE,6
69,GSSLGEPFLY,10,GSSLGEP,7
70,GASLGSPFQY,10,GASLGS,6
70,GASLGSPFQY,10,GASLGSP,7
71,GSSLGSPFTY,10,GSSLGS,6
71,GSSLGSPFTY,10,GSSLGSP,7
72,GSSLGSPFQY,10,GSSLGS,6
72,GSSLGSPFQY,10,GSSLGSP,7
73,GRVGQPFTY,9,GRVGQP,6
73,GRVGQPFTY,9,GRVGQPF,7
74,GRTGEPFQY,9,GRTGEP,6
74,GRTGEPFQY,9,GRTGEPF,7
75,GRVGEPFTH,9,GRVGEP,6
75,GRVGEPFTH,9,GRVGEPF,7
76,GRVGEPFQY,9,GRVGEP,6
76,GRVGEPFQY,9,GRVGEPF,7
85,GTKESGFTY,9,GTKESG,6
85,GTKESGFTY,9,GTKESGF,7
86,GTAEQGFTH,9,GTAEQG,6
86,GTAEQGFTH,9,GTAEQGF,7
87,GSAATGFTH,9,GSAATG,6
87,GSAATGFTH,9,GSAATGF,7
88,GTKSTGFTF,9,GTKSTG,6
88,GTKSTGFTF,9,GTKSTGF,7
89,QHISESNWQY,10,QHISES,6
89,QHISESNWQY,10,QHISESN,7
90,QHLSETNWSA,10,QHLSET,6
90,QHLSETNWSA,10,QHLSETN,7
91,QHVSESDWQY,10,QHVSES,6
91,QHVSESDWQY,10,QHVSESD,7
92,QHESESNWSA,10,QHESES,6
92,QHESESNWSA,10,QHESESN,7
93,GLPGSFTH,8,GLPGSF,6
93,GLPGSFTH,8,GLPGSFT,7
94,GTPGDFQY,8,GTPGDF,6
94,GTPGDFQY,8,GTPGDFQ,7
95,GRPGPFQY,8,GRPGPF,6
95,GRPGPFQY,8,GRPGPFQ,7
96,GTPGPFTH,8,GTPGPF,6
96,GTPGPFTH,8,GTPGPFT,7
105,GPSVDNLQY,9,GPSVDN,6
105,GPSVDNLQY,9,GPSVDNL,7
106,GPSVDNLQF,9,GPSVDN,6
106,GPSVDNLQF,9,GPSVDNL,7
107,GPSVENQQY,9,GPSVEN,6
107,GPSVENQQY,9,GPSVENQ,7
108,GPSVDEQTY,9,GPSVDE,6
108,GPSVDEQTY,9,GPSVDEQ,7
113,GPFSMLPSDHQY,12,GPFSML,6
113,GPFSMLPSDHQY,12,GPFSMLP,7
114,GSFSMRPEDYSY,12,GSFSMR,6
114,GSFSMRPEDYSY,12,GSFSMRP,7
115,GGFSMRPEDQSY,12,GGFSMR,6
115,GGFSMRPEDQSY,12,GGFSMRP,7
116,GGFSMRPSDYSY,12,GGFSMR,6
116,GGFSMRPSDYSY,12,GGFSMRP,7
117,GPSIDDFSA,9,GPSIDD,6
117,GPSIDDFSA,9,GPSIDDF,7
118,GKDITSFSY,9,GKDITS,6
118,GKDITSFSY,9,GKDITSF,7
119,GPSIDDFSA,9,GPSIDD,6
119,GPSIDDFSA,9,GPSIDDF,7
120,GSSITDFQY,9,GSSITD,6
120,GSSITDFQY,9,GSSITDF,7
121,GGSSPAPSSYTY,12,GGSSPA,6
121,GGSSPAPSSYTY,12,GGSSPAP,7
122,GGSSPSPSSYKY,12,GGSSPS,6
122,GGSSPSPSSYKY,12,GGSSPSP,7
123,GGSSPSPSSYTY,12,GGSSPS,6
123,GGSSPSPSSYTY,12,GGSSPSP,7
124,GGSSPNPSDFTY,12,GGSSPN,6
124,GGSSPNPSDFTY,12,GGSSPNP,7
137,GPGTLNEFQF,10,GPGTLN,6
137,GPGTLNEFQF,10,GPGTLNE,7
138,GPGRLLEFQY,10,GPGRLL,6
138,GPGRLLEFQY,10,GPGRLLE,7
139,GPGTLGDFTY,10,GPGTLG,6
139,GPGTLGDFTY,10,GPGTLGD,7
140,GPGRLGEFQY,10,GPGRLG,6
140,GPGRLGEFQY,10,GPGRLGE,7
141,GLTLGGASDFQY,12,GLTLGG,6
141,GLTLGGASDFQY,12,GLTLGGA,7
142,GLTLGGASDYQY,12,GLTLGG,6
142,GLTLGGASDYQY,12,GLTLGGA,7
143,GLELGGASDYKY,12,GLELGG,6
143,GLELGGASDYKY,12,GLELGGA,7
144,GLTLGGASDYQY,12,GLTLGG,6
144,GLTLGGASDYQY,12,GLTLGGA,7
153,GSSIGSPYSY,10,GSSIGS,6
153,GSSIGSPYSY,10,GSSIGSP,7
154,GSSIGSPYSF,10,GSSIGS,6
154,GSSIGSPYSF,10,GSSIGSP,7
155,GSNIGDPFQY,10,GSNIGD,6
155,GSNIGDPFQY,10,GSNIGDP,7
156,GSSIGSPYQY,10,GSSIGS,6
156,GSSIGSPYQY,10,GSSIGSP,7
161,ALSSSKTYKY,10,ALSSSK,6
161,ALSSSKTYKY,10,ALSSSKT,7
162,GHASSKTFKY,10,GHASSK,6
162,GHASSKTFKY,10,GHASSKT,7
163,GLSSSKTFTY,10,GLSSSK,6
163,GLSSSKTFTY,10,GLSSSKT,7
164,ADKSSSTFQY,10,ADKSSS,6
164,ADKSSSTFQY,10,ADKSSST,7
169,AKEYGAPAA,9,AKEYGA,6
169,AKEYGAPAA,9,AKEYGAP,7
170,ARQYGSRAF,9,ARQYGS,6
170,ARQYGSRAF,9,ARQYGSR,7
171,GQQYGAPAY,9,GQQYGA,6
171,GQQYGAPAY,9,GQQYGAP,7
172,AQTYGSPAA,9,AQTYGS,6
172,AQTYGSPAA,9,AQTYGSP,7
173,LSPNQSTFQA,10,LSPNQS,6
173,LSPNQSTFQA,10,LSPNQST,7
174,LSKSESNFSA,10,LSKSES,6
174,LSKSESNFSA,10,LSKSESN,7
176,MHSSQQDFSA,10,MHSSQQ,6
176,MHSSQQDFSA,10,MHSSQQD,7
177,GEDGRFTY,8,GEDGRF,6
177,GEDGRFTY,8,GEDGRFT,7
178,GSDGYFTY,8,GSDGYF,6
178,GSDGYFTY,8,GSDGYFT,7
179,GQNGYFQY,8,GQNGYF,6
179,GQNGYFQY,8,GQNGYFQ,7
180,GSDGKFTH,8,GSDGKF,6
180,GSDGKFTH,8,GSDGKFT,7
181,ASGPQGFEY,9,ASGPQG,6
181,ASGPQGFEY,9,ASGPQGF,7
182,GNGSKGFEH,9,GNGSKG,6
182,GNGSKGFEH,9,GNGSKGF,7
183,QRGSQGFEF,9,QRGSQG,6
183,QRGSQGFEF,9,QRGSQGF,7
184,QHGSSGFEY,9,QHGSSG,6
184,QHGSSGFEY,9,QHGSSGF,7
185,GSTNSMSPSDYSY,13,GSTNSM,6
185,GSTNSMSPSDYSY,13,GSTNSMS,7
186,GSTNGMNPSDYSY,13,GSTNGM,6
186,GSTNGMNPSDYSY,13,GSTNGMN,7
187,GSSSSMEPSSFSF,13,GSSSSM,6
187,GSSSSMEPSSFSF,13,GSSSSME,7
188,GSTNSMSPSSYSY,13,GSTNSM,6
188,GSTNSMSPSSYSY,13,GSTNSMS,7
189,SKNGGDFQY,9,SKNGGD,6
189,SKNGGDFQY,9,SKNGGDF,7
190,SQNGGPFTY,9,SQNGGP,6
190,SQNGGPFTY,9,SQNGGPF,7
191,SKNGGDFQY,9,SKNGGD,6
191,SKNGGDFQY,9,SKNGGDF,7
192,SKNGGPFQY,9,SKNGGP,6
192,SKNGGPFQY,9,SKNGGPF,7
193,GAPTLDQYTY,10,GAPTLD,6
193,GAPTLDQYTY,10,GAPTLDQ,7
194,GAPTLDEYQY,10,GAPTLD,6
194,GAPTLDEYQY,10,GAPTLDE,7
195,GAPTLDSFTY,10,GAPTLD,6
195,GAPTLDSFTY,10,GAPTLDS,7
196,GPPTLEEFQY,10,GPPTLE,6
196,GPPTLEEFQY,10,GPPTLEE,7
197,GRDIDKYEY,9,GRDIDK,6
197,GRDIDKYEY,9,GRDIDKY,7
198,GRDMNSYSY,9,GRDMNS,6
198,GRDMNSYSY,9,GRDMNSY,7
199,GKDINEYSY,9,GKDINE,6
199,GKDINEYSY,9,GKDINEY,7
200,GLSINSYSY,9,GLSINS,6
200,GLSINSYSY,9,GLSINSY,7
209,SRDTPIEY,8,SRDTPI,6
209,SRDTPIEY,8,SRDTPIE,7
210,GKDTPIQY,8,GKDTPI,6
210,GKDTPIQY,8,GKDTPIQ,7
211,SRDTPIQY,8,SRDTPI,6
211,SRDTPIQY,8,SRDTPIQ,7
212,SRDTPIQY,8,SRDTPI,6
212,SRDTPIQY,8,SRDTPIQ,7
213,GLNGGPFQY,9,GLNGGP,6
213,GLNGGPFQY,9,GLNGGPF,7
214,GLNGGPFQY,9,GLNGGP,6
214,GLNGGPFQY,9,GLNGGPF,7
215,GLNGGEFQW,9,GLNGGE,6
215,GLNGGEFQW,9,GLNGGEF,7
216,GLNGGPFQY,9,GLNGGP,6
216,GLNGGPFQY,9,GLNGGPF,7
221,SLVGSVRPEDYQY,13,SLVGSV,6
221,SLVGSVRPEDYQY,13,SLVGSVR,7
222,SLTGEVRPSSYSY,13,SLTGEV,6
222,SLTGEVRPSSYSY,13,SLTGEVR,7
223,SLTGEVRPESYQY,13,SLTGEV,6
223,SLTGEVRPESYQY,13,SLTGEVR,7
224,SLTGEVHPSSYSY,13,SLTGEV,6
224,SLTGEVHPSSYSY,13,SLTGEVH,7
225,GSSITPESFTY,11,GSSITP,6
225,GSSITPESFTY,11,GSSITPE,7
226,GSTLTPESFQY,11,GSTLTP,6
226,GSTLTPESFQY,11,GSTLTPE,7
227,GSTLTPESFQY,11,GSTLTP,6
227,GSTLTPESFQY,11,GSTLTPE,7
228,GSSITPESFQY,11,GSSITP,6
228,GSSITPESFQY,11,GSSITPE,7
233,GAGMSVSDWKY,11,GAGMSV,6
233,GAGMSVSDWKY,11,GAGMSVS,7
234,GSGMSVSGFRY,11,GSGMSV,6
234,GSGMSVSGFRY,11,GSGMSVS,7
235,GSGMSIEGFTH,11,GSGMSI,6
235,GSGMSIEGFTH,11,GSGMSIE,7
236,GSGMDVRGWTY,11,GSGMDV,6
236,GSGMDVRGWTY,11,GSGMDVR,7
241,GPDITNYTY,9,GPDITN,6
241,GPDITNYTY,9,GPDITNY,7
242,GPDITTFSY,9,GPDITT,6
242,GPDITTFSY,9,GPDITTF,7
243,GPSITDFSY,9,GPSITD,6
243,GPSITDFSY,9,GPSITDF,7
244,GPDITNFQY,9,GPDITN,6
244,GPDITNFQY,9,GPDITNF,7
249,GSSIGTPFQY,10,GSSIGT,6
249,GSSIGTPFQY,10,GSSIGTP,7
250,GSSIGEPFLY,10,GSSIGE,6
250,GSSIGEPFLY,10,GSSIGEP,7
251,GSSIGLPFTH,10,GSSIGL,6
251,GSSIGLPFTH,10,GSSIGLP,7
252,GPSIGEPFQF,10,GPSIGE,6
252,GPSIGEPFQF,10,GPSIGEP,7
253,GKNTDFTY,8,GKNTDF,6
253,GKNTDFTY,8,GKNTDFT,7
254,GKNGPFTY,8,GKNGPF,6
254,GKNGPFTY,8,GKNGPFT,7
255,GKNGPFTY,8,GKNGPF,6
255,GKNGPFTY,8,GKNGPFT,7
256,GQNTDFTY,8,GQNTDF,6
256,GQNTDFTY,8,GQNTDFT,7
257,GGSGMSASEYKY,12,GGSGMS,6
257,GGSGMSASEYKY,12,GGSGMSA,7
258,GGSGMSSSEYSY,12,GGSGMS,6
258,GGSGMSSSEYSY,12,GGSGMSS,7
259,GGSSMSASDYSY,12,GGSSMS,6
259,GGSSMSASDYSY,12,GGSSMSA,7
260,GGSSMSASDFQY,12,GGSSMS,6
260,GGSSMSASDFQY,12,GGSSMSA,7
265,GSGVRPEEKQY,11,GSGVRP,6
265,GSGVRPEEKQY,11,GSGVRPE,7
266,GPGVRPEEKKY,11,GPGVRP,6
266,GPGVRPEEKKY,11,GPGVRPE,7
267,GSGVRPEEKSY,11,GSGVRP,6
267,GSGVRPEEKSY,11,GSGVRPE,7
268,GSGVEASEKSY,11,GSGVEA,6
268,GSGVEASEKSY,11,GSGVEAS,7
269,GSAFSVRASDFSY,13,GSAFSV,6
269,GSAFSVRASDFSY,13,GSAFSVR,7
270,GRSFSVSPDSFEY,13,GRSFSV,6
270,GRSFSVSPDSFEY,13,GRSFSVS,7
271,GRSFSVNPSDYQY,13,GRSFSV,6
271,GRSFSVNPSDYQY,13,GRSFSVN,7
272,GSSFSVRASDYTY,13,GSSFSV,6
272,GSSFSVRASDYTY,13,GSSFSVR,7
281,GPSPDDLKY,9,GPSPDD,6
281,GPSPDDLKY,9,GPSPDDL,7
282,GLSVDDLKY,9,GLSVDD,6
282,GLSVDDLKY,9,GLSVDDL,7
283,GPGVDDMQY,9,GPGVDD,6
283,GPGVDDMQY,9,GPGVDDM,7
284,GPSYDNMTY,9,GPSYDN,6
284,GPSYDNMTY,9,GPSYDNM,7
285,GLNGNFQY,8,GLNGNF,6
285,GLNGNFQY,8,GLNGNFQ,7
286,GLNGNFQY,8,GLNGNF,6
286,GLNGNFQY,8,GLNGNFQ,7
287,GLNGEFTY,8,GLNGEF,6
287,GLNGEFTY,8,GLNGEFT,7
288,GLNGEFQY,8,GLNGEF,6
288,GLNGEFQY,8,GLNGEFQ,7
293,GPASSPAFRY,10,GPASSP,6
293,GPASSPAFRY,10,GPASSPA,7
294,GPASSPAFQF,10,GPASSP,6
294,GPASSPAFQF,10,GPASSPA,7
295,GLASSPAFTY,10,GLASSP,6
295,GLASSPAFTY,10,GLASSPA,7
296,GPASSPAFQY,10,GPASSP,6
296,GPASSPAFQY,10,GPASSPA,7
297,ANENAGFQF,9,ANENAG,6
297,ANENAGFQF,9,ANENAGF,7
298,ADSSSGFQY,9,ADSSSG,6
298,ADSSSGFQY,9,ADSSSGF,7
299,ANSSSGFQY,9,ANSSSG,6
299,ANSSSGFQY,9,ANSSSGF,7
300,ADSSSGFQY,9,ADSSSG,6
300,ADSSSGFQY,9,ADSSSGF,7
301,KRSSSHSSSGFTY,13,KRSSSH,6
301,KRSSSHSSSGFTY,13,KRSSSHS,7
302,RRSSSHSSSGFQY,13,RRSSSH,6
302,RRSSSHSSSGFQY,13,RRSSSHS,7
303,KRSSSHTSSGFTY,13,KRSSSH,6
303,KRSSSHTSSGFTY,13,KRSSSHT,7
304,KNSSSHSSSGFRY,13,KNSSSH,6
304,KNSSSHSSSGFRY,13,KNSSSHS,7
305,GGSGIEASDYKY,12,GGSGIE,6
305,GGSGIEASDYKY,12,GGSGIEA,7
306,GGTGIEPSDYKY,12,GGTGIE,6
306,GGTGIEPSDYKY,12,GGTGIEP,7
307,GGNGIEPSDYQY,12,GGNGIE,6
307,GGNGIEPSDYQY,12,GGNGIEP,7
308,GGTGIEPSDYQY,12,GGTGIE,6
308,GGTGIEPSDYQY,12,GGTGIEP,7
309,GSTTGGPSDYQY,12,GSTTGG,6
309,GSTTGGPSDYQY,12,GSTTGGP,7
310,GPTTGTPSDFQY,12,GPTTGT,6
310,GPTTGTPSDFQY,12,GPTTGTP,7
311,GLTMGGPGDYQY,12,GLTMGG,6
311,GLTMGGPGDYQY,12,GLTMGGP,7
312,GKTMGSPSDYLY,12,GKTMGS,6
312,GKTMGSPSDYLY,12,GKTMGSP,7
325,GSSLSLNPSEFQY,13,GSSLSL,6
325,GSSLSLNPSEFQY,13,GSSLSLN,7
326,GASLSLEPEEFKY,13,GASLSL,6
326,GASLSLEPEEFKY,13,GASLSLE,7
327,GSSLSLEPSQYSF,13,GSSLSL,6
327,GSSLSLEPSQYSF,13,GSSLSLE,7
328,GSSLSLRPEDYTY,13,GSSLSL,6
328,GSSLSLRPEDYTY,13,GSSLSLR,7
333,GSSSTNISNFQY,12,GSSSTN,6
333,GSSSTNISNFQY,12,GSSSTNI,7
334,GSSSTNVSDFQY,12,GSSSTN,6
334,GSSSTNVSDFQY,12,GSSSTNV,7
335,GSSHTNVSDFQY,12,GSSHTN,6
335,GSSHTNVSDFQY,12,GSSHTNV,7
336,GPSSSHVSDFQY,12,GPSSSH,6
336,GPSSSHVSDFQY,12,GPSSSHV,7
337,ANTSSVSLNFQY,12,ANTSSV,6
337,ANTSSVSLNFQY,12,ANTSSVS,7
338,ANISTTSLNFQY,12,ANISTT,6
338,ANISTTSLNFQY,12,ANISTTS,7
339,ANTSTVSLNFQY,12,ANTSTV,6
339,ANTSTVSLNFQY,12,ANTSTVS,7
340,SNTSSVSLKYQY,12,SNTSSV,6
340,SNTSSVSLKYQY,12,SNTSSVS,7
353,SRTSDEYEY,9,SRTSDE,6
353,SRTSDEYEY,9,SRTSDEY,7
354,SKTSDEFQY,9,SKTSDE,6
354,SKTSDEFQY,9,SKTSDEF,7
355,SETSDQFQY,9,SETSDQ,6
355,SETSDQFQY,9,SETSDQF,7
356,SRTSDEFEY,9,SRTSDE,6
356,SRTSDEFEY,9,SRTSDEF,7
357,GKTTDNFQY,9,GKTTDN,6
357,GKTTDNFQY,9,GKTTDNF,7
358,GLTTDNFQY,9,GLTTDN,6
358,GLTTDNFQY,9,GLTTDNF,7
359,GLTTDHFQY,9,GLTTDH,6
359,GLTTDHFQY,9,GLTTDHF,7
360,GLTTDNFQY,9,GLTTDN,6
360,GLTTDNFQY,9,GLTTDNF,7
365,GSTISPESFQY,11,GSTISP,6
365,GSTISPESFQY,11,GSTISPE,7
366,GSTIAPESFQY,11,GSTIAP,6
366,GSTIAPESFQY,11,GSTIAPE,7
367,GSTMAPESFQY,11,GSTMAP,6
367,GSTMAPESFQY,11,GSTMAPE,7
368,GSTIAPESFQY,11,GSTIAP,6
368,GSTIAPESFQY,11,GSTIAPE,7
369,GASSMQPSDHTY,12,GASSMQ,6
369,GASSMQPSDHTY,12,GASSMQP,7
370,GSPSLDPSDHSY,12,GSPSLD,6
370,GSPSLDPSDHSY,12,GSPSLDP,7
371,GPASMDPSDYQY,12,GPASMD,6
371,GPASMDPSDYQY,12,GPASMDP,7
372,GSASMNPSDHQY,12,GSASMN,6
372,GSASMNPSDHQY,12,GSASMNP,7
373,GKGMSIEDFEY,11,GKGMSI,6
373,GKGMSIEDFEY,11,GKGMSIE,7
374,GSGMSVEGFQY,11,GSGMSV,6
374,GSGMSVEGFQY,11,GSGMSVE,7
375,GSGMSVSDFQY,11,GSGMSV,6
375,GSGMSVSDFQY,11,GSGMSVS,7
376,GTGMTVEGFRY,11,GTGMTV,6
376,GTGMTVEGFRY,11,GTGMTVE,7
377,GLDGSFKY,8,GLDGSF,6
377,GLDGSFKY,8,GLDGSFK,7
378,GLDGKFQY,8,GLDGKF,6
378,GLDGKFQY,8,GLDGKFQ,7
379,GLDGYFQY,8,GLDGYF,6
379,GLDGYFQY,8,GLDGYFQ,7
380,GLDGKFQY,8,GLDGKF,6
380,GLDGKFQY,8,GLDGKFQ,7
389,GATGVSPSEFTY,12,GATGVS,6
389,GATGVSPSEFTY,12,GATGVSP,7
390,NATGLAPSEYAY,12,NATGLA,6
390,NATGLAPSEYAY,12,NATGLAP,7
391,NATGVQPSEYQY,12,NATGVQ,6
391,NATGVQPSEYQY,12,NATGVQP,7
392,DATGVLPSEYRY,12,DATGVL,6
392,DATGVLPSEYRY,12,DATGVLP,7
401,GSSWRQWSSFQF,12,GSSWRQ,6
401,GSSWRQWSSFQF,12,GSSWRQW,7
402,GSSWSQWSSFQY,12,GSSWSQ,6
402,GSSWSQWSSFQY,12,GSSWSQW,7
403,GPSWSQWSSFQY,12,GPSWSQ,6
403,GPSWSQWSSFQY,12,GPSWSQW,7
404,GSSWSQWSSFQY,12,GSSWSQ,6
404,GSSWSQWSSFQY,12,GSSWSQW,7
405,GLNGNFQY,8,GLNGNF,6
405,GLNGNFQY,8,GLNGNFQ,7
406,GLNGVFQY,8,GLNGVF,6
406,GLNGVFQY,8,GLNGVFQ,7
407,GLNGNFTY,8,GLNGNF,6
407,GLNGNFTY,8,GLNGNFT,7
408,GLNGQFQY,8,GLNGQF,6
408,GLNGQFQY,8,GLNGQFQ,7
409,GSYRQEDKTA,10,GSYRQE,6
409,GSYRQEDKTA,10,GSYRQED,7
410,GGYRQEDKLY,10,GGYRQE,6
410,GGYRQEDKLY,10,GGYRQED,7
411,GSYRQEDKKY,10,GSYRQE,6
411,GSYRQEDKKY,10,GSYRQED,7
412,GSYRQNDKQF,10,GSYRQN,6
412,GSYRQNDKQF,10,GSYRQND,7
413,GSSNSMDPSSYSY,13,GSSNSM,6
413,GSSNSMDPSSYSY,13,GSSNSMD,7
414,GSSDSMSPSAYQY,13,GSSDSM,6
414,GSSDSMSPSAYQY,13,GSSDSMS,7
415,GSTASMNPSSYRY,13,GSTASM,6
415,GSTASMNPSSYRY,13,GSTASMN,7
416,GSTDSMSPSSYSF,13,GSTDSM,6
416,GSTDSMSPSSYSF,13,GSTDSMS,7
417,GEQALLDPSSWSY,13,GEQALL,6
417,GEQALLDPSSWSY,13,GEQALLD,7
418,GKLALVEPSSWSY,13,GKLALV,6
418,GKLALVEPSSWSY,13,GKLALVE,7
419,GAQALLSPSSWQY,13,GAQALL,6
419,GAQALLSPSSWQY,13,GAQALLS,7
420,GSLALPEPSSWQF,13,GSLALP,6
420,GSLALPEPSSWQF,13,GSLALPE,7
425,KHGNGGFDA,9,KHGNGG,6
425,KHGNGGFDA,9,KHGNGGF,7
426,RRGNGGFDH,9,RRGNGG,6
426,RRGNGGFDH,9,RRGNGGF,7
427,KHGNSGFDA,9,KHGNSG,6
427,KHGNSGFDA,9,KHGNSGF,7
428,QHGNGGFDA,9,QHGNGG,6
428,QHGNGGFDA,9,QHGNGGF,7
429,GSELSLRPSDYQY,13,GSELSL,6
429,GSELSLRPSDYQY,13,GSELSLR,7
430,GERLSLNPRDYAY,13,GERLSL,6
430,GERLSLNPRDYAY,13,GERLSLN,7
431,GKELSLNPADYSY,13,GKELSL,6
431,GKELSLNPADYSY,13,GKELSLN,7
432,GSLLSLRPSDYSA,13,GSLLSL,6
432,GSLLSLRPSDYSA,13,GSLLSLR,7
433,GTEPANFTH,9,GTEPAN,6
433,GTEPANFTH,9,GTEPANF,7
434,GLSPADFQY,9,GLSPAD,6
434,GLSPADFQY,9,GLSPADF,7
435,GLSPANFTY,9,GLSPAN,6
435,GLSPANFTY,9,GLSPANF,7
436,GREPARFEY,9,GREPAR,6
436,GREPARFEY,9,GREPARF,7
437,GSGVLPEDKQY,11,GSGVLP,6
437,GSGVLPEDKQY,11,GSGVLPE,7
439,GSGVLPSDKQY,11,GSGVLP,6
439,GSGVLPSDKQY,11,GSGVLPS,7
440,GSGVRPEDKQY,11,GSGVRP,6
440,GSGVRPEDKQY,11,GSGVRPE,7
441,GKNTDFTH,8,GKNTDF,6
441,GKNTDFTH,8,GKNTDFT,7
442,GQKTDFTY,8,GQKTDF,6
442,GQKTDFTY,8,GQKTDFT,7
443,GKQTDFTY,8,GKQTDF,6
443,GKQTDFTY,8,GKQTDFT,7
444,GRNTDFTY,8,GRNTDF,6
444,GRNTDFTY,8,GRNTDFT,7
445,GLNEFSYSGFQY,12,GLNEFS,6
445,GLNEFSYSGFQY,12,GLNEFSY,7
446,GVNENDYAGFQY,12,GVNEND,6
446,GVNENDYAGFQY,12,GVNENDY,7
447,GVNENSYSGFTH,12,GVNENS,6
447,GVNENSYSGFTH,12,GVNENSY,7
448,GRNENSFSGYQY,12,GRNENS,6
448,GRNENSFSGYQY,12,GRNENSF,7
453,GRAGEPFTY,9,GRAGEP,6
453,GRAGEPFTY,9,GRAGEPF,7
454,GRPGEPFTF,9,GRPGEP,6
454,GRPGEPFTF,9,GRPGEPF,7
455,GRDGEPFTY,9,GRDGEP,6
455,GRDGEPFTY,9,GRDGEPF,7
456,GRPGEPFTY,9,GRPGEP,6
456,GRPGEPFTY,9,GRPGEPF,7
457,GAPGNFSY,8,GAPGNF,6
457,GAPGNFSY,8,GAPGNFS,7
458,GSAANFQY,8,GSAANF,6
458,GSAANFQY,8,GSAANFQ,7
459,GAEANFQF,8,GAEANF,6
459,GAEANFQF,8,GAEANFQ,7
460,GSPGNFQY,8,GSPGNF,6
460,GSPGNFQY,8,GSPGNFQ,7
461,GSGVLPSDKQY,11,GSGVLP,6
461,GSGVLPSDKQY,11,GSGVLPS,7
462,GGGIRREDKQY,11,GGGIRR,6
462,GGGIRREDKQY,11,GGGIRRE,7
463,GSGILPSDKQY,11,GSGILP,6
463,GSGILPSDKQY,11,GSGILPS,7
464,GSGIRPEDKQY,11,GSGIRP,6
464,GSGIRPEDKQY,11,GSGIRPE,7
477,GLSDSPSSFRY,11,GLSDSP,6
477,GLSDSPSSFRY,11,GLSDSPS,7
478,GLSDSPSSLRY,11,GLSDSP,6
478,GLSDSPSSLRY,11,GLSDSPS,7
479,GLSDSPSSLRY,11,GLSDSP,6
479,GLSDSPSSLRY,11,GLSDSPS,7
480,GLSSSPASLRY,11,GLSSSP,6
480,GLSSSPASLRY,11,GLSSSPA,7
489,GSGFSASDFTA,11,GSGFSA,6
489,GSGFSASDFTA,11,GSGFSAS,7
490,GSGFSASSFTA,11,GSGFSA,6
490,GSGFSASSFTA,11,GSGFSAS,7
491,GSGFSASEFQY,11,GSGFSA,6
491,GSGFSASEFQY,11,GSGFSAS,7
492,GSGFSASSFQY,11,GSGFSA,6
492,GSGFSASSFQY,11,GSGFSAS,7
493,GLGSDTTFTY,10,GLGSDT,6
493,GLGSDTTFTY,10,GLGSDTT,7
494,GPGSDTTFRY,10,GPGSDT,6
494,GPGSDTTFRY,10,GPGSDTT,7
495,GPASDTTFTY,10,GPASDT,6
495,GPASDTTFTY,10,GPASDTT,7
496,GPGSDTRFLY,10,GPGSDT,6
496,GPGSDTRFLY,10,GPGSDTR,7
501,GSSMSVESFQY,11,GSSMSV,6
501,GSSMSVESFQY,11,GSSMSVE,7
502,GSTMDVSSFQY,11,GSTMDV,6
502,GSTMDVSSFQY,11,GSTMDVS,7
503,GSSMDVSSFTY,11,GSSMDV,6
503,GSSMDVSSFTY,11,GSSMDVS,7
504,GSSMSVSSFLY,11,GSSMSV,6
504,GSSMSVSSFLY,11,GSSMSVS,7
505,GPSMSPSSFTA,11,GPSMSP,6
505,GPSMSPSSFTA,11,GPSMSPS,7
506,GPTTSPESFQY,11,GPTTSP,6
506,GPTTSPESFQY,11,GPTTSPE,7
507,GPTTSPESFQY,11,GPTTSP,6
507,GPTTSPESFQY,11,GPTTSPE,7
508,GLTMSPESFQY,11,GLTMSP,6
508,GLTMSPESFQY,11,GLTMSPE,7
509,GKDNPFQF,8,GKDNPF,6
509,GKDNPFQF,8,GKDNPFQ,7
510,GKENPFQY,8,GKENPF,6
510,GKENPFQY,8,GKENPFQ,7
511,GRENPFQY,8,GRENPF,6
511,GRENPFQY,8,GRENPFQ,7
512,GRENPFQY,8,GRENPF,6
512,GRENPFQY,8,GRENPFQ,7
513,GSGMSPEDFQY,11,GSGMSP,6
513,GSGMSPEDFQY,11,GSGMSPE,7
514,GSGMSVEDFQY,11,GSGMSV,6
514,GSGMSVEDFQY,11,GSGMSVE,7
515,GSGTSISNFTY,11,GSGTSI,6
515,GSGTSISNFTY,11,GSGTSIS,7
516,GSGMSVSDFQY,11,GSGMSV,6
516,GSGMSVSDFQY,11,GSGMSVS,7
525,DPSSSAFSH,9,DPSSSA,6
525,DPSSSAFSH,9,DPSSSAF,7
526,NPSTSAFSD,9,NPSTSA,6
526,NPSTSAFSD,9,NPSTSAF,7
527,APSTSAFSY,9,APSTSA,6
527,APSTSAFSY,9,APSTSAF,7
528,NPSTSAFSY,9,NPSTSA,6
528,NPSTSAFSY,9,NPSTSAF,7
533,GSGSSMSPNNYSY,13,GSGSSM,6
533,GSGSSMSPNNYSY,13,GSGSSMS,7
534,GSGPGMSPNNYKY,13,GSGPGM,6
534,GSGPGMSPNNYKY,13,GSGPGMS,7
535,GSGYSMSPNAYTY,13,GSGYSM,6
535,GSGYSMSPNAYTY,13,GSGYSMS,7
536,GSGPSMSPNSYSY,13,GSGPSM,6
536,GSGPSMSPNSYSY,13,GSGPSMS,7
537,GTSSSQGQFTY,11,GTSSSQ,6
537,GTSSSQGQFTY,11,GTSSSQG,7
538,GTSSSINKFTY,11,GTSSSI,6
538,GTSSSINKFTY,11,GTSSSIN,7
539,GTSSSTGSFTY,11,GTSSST,6
539,GTSSSTGSFTY,11,GTSSSTG,7
540,GTSSSTGSFSY,11,GTSSST,6
540,GTSSSTGSFSY,11,GTSSSTG,7
541,RPLGESEFRA,10,RPLGES,6
541,RPLGESEFRA,10,RPLGESE,7
542,RPLGESNFTA,10,RPLGES,6
542,RPLGESNFTA,10,RPLGESN,7
543,RHQGESEFTA,10,RHQGES,6
543,RHQGESEFTA,10,RHQGESE,7
544,RHEGESEFTA,10,RHEGES,6
544,RHEGESEFTA,10,RHEGESE,7
549,GSGTSVEDFQY,11,GSGTSV,6
549,GSGTSVEDFQY,11,GSGTSVE,7
550,GSGTSVSDFQY,11,GSGTSV,6
550,GSGTSVSDFQY,11,GSGTSVS,7
551,GSGMSVDGFQY,11,GSGMSV,6
551,GSGMSVDGFQY,11,GSGMSVD,7
552,GSGLSVEGFQY,11,GSGLSV,6
552,GSGLSVEGFQY,11,GSGLSVE,7
561,GSGVVGPENYTY,12,GSGVVG,6
561,GSGVVGPENYTY,12,GSGVVGP,7
562,GSGVTGPENYTY,12,GSGVTG,6
562,GSGVTGPENYTY,12,GSGVTGP,7
563,GSGVTGRENYTY,12,GSGVTG,6
563,GSGVTGRENYTY,12,GSGVTGR,7
564,GSGVVGPENFTY,12,GSGVVG,6
564,GSGVVGPENFTY,12,GSGVVGP,7
577,GRNGPFTY,8,GRNGPF,6
577,GRNGPFTY,8,GRNGPFT,7
578,GKNGPFTY,8,GKNGPF,6
578,GKNGPFTY,8,GKNGPFT,7
579,GLNGPFTY,8,GLNGPF,6
579,GLNGPFTY,8,GLNGPFT,7
580,GENTPFQY,8,GENTPF,6
580,GENTPFQY,8,GENTPFQ,7
597,GSSTAVSDFKY,11,GSSTAV,6
597,GSSTAVSDFKY,11,GSSTAVS,7
598,GSTTSVESFQY,11,GSTTSV,6
598,GSTTSVESFQY,11,GSTTSVE,7
599,GSTMSVESFTY,11,GSTMSV,6
599,GSTMSVESFTY,11,GSTMSVE,7
600,GSTTSVSSFTY,11,GSTTSV,6
600,GSTTSVSSFTY,11,GSTTSVS,7
601,GPSNRQFTY,9,GPSNRQ,6
601,GPSNRQFTY,9,GPSNRQF,7
602,GPSNRQFQY,9,GPSNRQ,6
602,GPSNRQFQY,9,GPSNRQF,7
603,GPSNRQFTY,9,GPSNRQ,6
603,GPSNRQFTY,9,GPSNRQF,7
604,GDSSRQFSY,9,GDSSRQ,6
604,GDSSRQFSY,9,GDSSRQF,7
605,GPSASMNPSDYTY,13,GPSASM,6
605,GPSASMNPSDYTY,13,GPSASMN,7
606,GSSSSMSPESYTY,13,GSSSSM,6
606,GSSSSMSPESYTY,13,GSSSSMS,7
607,GSSSSMDPSSYTY,13,GSSSSM,6
607,GSSSSMDPSSYTY,13,GSSSSMD,7
608,GSSSSMSPQSYKY,13,GSSSSM,6
608,GSSSSMSPQSYKY,13,GSSSSMS,7
609,GPPDLKNFTY,10,GPPDLK,6
609,GPPDLKNFTY,10,GPPDLKN,7
610,GSSLLSEFTY,10,GSSLLS,6
610,GSSLLSEFTY,10,GSSLLSE,7
611,GPPNLNDFQY,10,GPPNLN,6
611,GPPNLNDFQY,10,GPPNLND,7
612,GPADLNEFTY,10,GPADLN,6
612,GPADLNEFTY,10,GPADLNE,7
613,GLAGQPFTH,9,GLAGQP,6
613,GLAGQPFTH,9,GLAGQPF,7
614,GLEGEDFQY,9,GLEGED,6
614,GLEGEDFQY,9,GLEGEDF,7
615,GLAGQDFLY,9,GLAGQD,6
615,GLAGQDFLY,9,GLAGQDF,7
616,GLAGQPFQY,9,GLAGQP,6
616,GLAGQPFQY,9,GLAGQPF,7
617,GPSPSLNKFTY,11,GPSPSL,6
617,GPSPSLNKFTY,11,GPSPSLN,7
618,GSSNSLSKFHY,11,GSSNSL,6
618,GSSNSLSKFHY,11,GSSNSLS,7
619,GPSPSLNQFQY,11,GPSPSL,6
619,GPSPSLNQFQY,11,GPSPSLN,7
620,GPSDSLSQFQY,11,GPSDSL,6
620,GPSDSLSQFQY,11,GPSDSLS,7
621,GKAGGQPRFTY,11,GKAGGQ,6
621,GKAGGQPRFTY,11,GKAGGQP,7
622,GPSGGVPSFRY,11,GPSGGV,6
622,GPSGGVPSFRY,11,GPSGGVP,7
623,GLAGGTPRFQY,11,GLAGGT,6
623,GLAGGTPRFQY,11,GLAGGTP,7
624,GLSGGQPRFQY,11,GLSGGQ,6
624,GLSGGQPRFQY,11,GLSGGQP,7
625,GNMGGASDYQY,11,GNMGGA,6
625,GNMGGASDYQY,11,GNMGGAS,7
626,GAPGSASDYQY,11,GAPGSA,6
626,GAPGSASDYQY,11,GAPGSAS,7
627,GEMGGASDYQY,11,GEMGGA,6
627,GEMGGASDYQY,11,GEMGGAS,7
628,GDPGGASDFKY,11,GDPGGA,6
628,GDPGGASDFKY,11,GDPGGAS,7
629,GGPSLDFQY,9,GGPSLD,6
629,GGPSLDFQY,9,GGPSLDF,7
630,GQGSLDFQH,9,GQGSLD,6
630,GQGSLDFQH,9,GQGSLDF,7
631,GRGSLDFTA,9,GRGSLD,6
631,GRGSLDFTA,9,GRGSLDF,7
632,GGPSLDFQY,9,GGPSLD,6
632,GGPSLDFQY,9,GGPSLDF,7
633,GTKPIDVRDFQY,12,GTKPID,6
633,GTKPIDVRDFQY,12,GTKPIDV,7
634,GRGPIDVRSFQY,12,GRGPID,6
634,GRGPIDVRSFQY,12,GRGPIDV,7
635,GTSSIDVRDYQY,12,GTSSID,6
635,GTSSIDVRDYQY,12,GTSSIDV,7
636,GTSSINVRDYQY,12,GTSSIN,6
636,GTSSINVRDYQY,12,GTSSINV,7
641,GRGSYKTSGFQY,12,GRGSYK,6
641,GRGSYKTSGFQY,12,GRGSYKT,7
642,GKGGYGTSGFQY,12,GKGGYG,6
642,GKGGYGTSGFQY,12,GKGGYGT,7
643,GRGGYSTSGFQY,12,GRGGYS,6
643,GRGGYSTSGFQY,12,GRGGYST,7
644,GRGGYSTSGFQY,12,GRGGYS,6
644,GRGGYSTSGFQY,12,GRGGYST,7
645,GSTIGSPSDFSF,12,GSTIGS,6
645,GSTIGSPSDFSF,12,GSTIGSP,7
646,GPTIGSPSDFQY,12,GPTIGS,6
646,GPTIGSPSDFQY,12,GPTIGSP,7
647,GSTIGSPSDFQY,12,GSTIGS,6
647,GSTIGSPSDFQY,12,GSTIGSP,7
648,GPTIGSPQDFLY,12,GPTIGS,6
648,GPTIGSPQDFLY,12,GPTIGSP,7
653,GANLSMDPADYQY,13,GANLSM,6
653,GANLSMDPADYQY,13,GANLSMD,7
654,GQNLSMDPADYTY,13,GQNLSM,6
654,GQNLSMDPADYTY,13,GQNLSMD,7
655,GSNLSMDPSSYSY,13,GSNLSM,6
655,GSNLSMDPSSYSY,13,GSNLSMD,7
656,GSSLSMDPSDYSY,13,GSSLSM,6
656,GSSLSMDPSDYSY,13,GSSLSMD,7
657,GGTDISPGSYSY,12,GGTDIS,6
657,GGTDISPGSYSY,12,GGTDISP,7
658,GGISMSPGDYTY,12,GGISMS,6
658,GGISMSPGDYTY,12,GGISMSP,7
659,GGLSIDPGDYTY,12,GGLSID,6
659,GGLSIDPGDYTY,12,GGLSIDP,7
660,GGISPEPGDYRY,12,GGISPE,6
660,GGISPEPGDYRY,12,GGISPEP,7
661,GPGIGEPFQY,10,GPGIGE,6
661,GPGIGEPFQY,10,GPGIGEP,7
662,GPGIGEPFLY,10,GPGIGE,6
662,GPGIGEPFLY,10,GPGIGEP,7
663,GSSIGDPFSY,10,GSSIGD,6
663,GSSIGDPFSY,10,GSSIGDP,7
664,GSSIGSPFQY,10,GSSIGS,6
664,GSSIGSPFQY,10,GSSIGSP,7
665,GPYSFLTHGATY,12,GPYSFL,6
665,GPYSFLTHGATY,12,GPYSFLT,7
666,GPYSFLTHGALY,12,GPYSFL,6
666,GPYSFLTHGALY,12,GPYSFLT,7
667,GPQSFETHGATY,12,GPQSFE,6
667,GPQSFETHGATY,12,GPQSFET,7
668,GPYSFLTHGATY,12,GPYSFL,6
668,GPYSFLTHGATY,12,GPYSFLT,7
673,DLSGIAPSEARY,12,DLSGIA,6
673,DLSGIAPSEARY,12,DLSGIAP,7
674,GLSSLSPESAKY,12,GLSSLS,6
674,GLSSLSPESAKY,12,GLSSLSP,7
677,GSSSSLNPSNYTY,13,GSSSSL,6
677,GSSSSLNPSNYTY,13,GSSSSLN,7
678,GSSSSLDPSNYTY,13,GSSSSL,6
678,GSSSSLDPSNYTY,13,GSSSSLD,7
679,GSSSSLDPSNYTY,13,GSSSSL,6
679,GSSSSLDPSNYTY,13,GSSSSLD,7
680,GSSSSLDPSNYTY,13,GSSSSL,6
680,GSSSSLDPSNYTY,13,GSSSSLD,7
685,GSGMAPEDFTY,11,GSGMAP,6
685,GSGMAPEDFTY,11,GSGMAPE,7
686,GSGTSVEDFQY,11,GSGTSV,6
686,GSGTSVEDFQY,11,GSGTSVE,7
687,GSGTAIEDFKY,11,GSGTAI,6
687,GSGTAIEDFKY,11,GSGTAIE,7
688,GSGMSPEDFQY,11,GSGMSP,6
688,GSGMSPEDFQY,11,GSGMSPE,7
689,GSSRLEEKQY,10,GSSRLE,6
689,GSSRLEEKQY,10,GSSRLEE,7
690,GSYRQEDKQY,10,GSYRQE,6
690,GSYRQEDKQY,10,GSYRQED,7
691,GSYSASEKRY,10,GSYSAS,6
691,GSYSASEKRY,10,GSYSASE,7
692,GSHTASERQY,10,GSHTAS,6
692,GSHTASERQY,10,GSHTASE,7
697,GSGMAVEEFQY,11,GSGMAV,6
697,GSGMAVEEFQY,11,GSGMAVE,7
698,GSGMAVEDFQY,11,GSGMAV,6
698,GSGMAVEDFQY,11,GSGMAVE,7
699,GPGTAVEDFKY,11,GPGTAV,6
699,GPGTAVEDFKY,11,GPGTAVE,7
700,GSTMAVESFQY,11,GSTMAV,6
700,GSTMAVESFQY,11,GSTMAVE,7
705,GVYGDFTY,8,GVYGDF,6
705,GVYGDFTY,8,GVYGDFT,7
706,GVYGEFTA,8,GVYGEF,6
706,GVYGEFTA,8,GVYGEFT,7
707,GTYGDFTA,8,GTYGDF,6
707,GTYGDFTA,8,GTYGDFT,7
708,GKYGEFTA,8,GKYGEF,6
708,GKYGEFTA,8,GKYGEFT,7
709,GPSIGEPFQY,10,GPSIGE,6
709,GPSIGEPFQY,10,GPSIGEP,7
710,GPSIGLPFEY,10,GPSIGL,6
710,GPSIGLPFEY,10,GPSIGLP,7
711,GSSIGLPFQY,10,GSSIGL,6
711,GSSIGLPFQY,10,GSSIGLP,7
712,GSSTGEPFQY,10,GSSTGE,6
712,GSSTGEPFQY,10,GSSTGEP,7
717,GRTPSLNQFQY,11,GRTPSL,6
717,GRTPSLNQFQY,11,GRTPSLN,7
718,GLSPSLNQFTY,11,GLSPSL,6
718,GLSPSLNQFTY,11,GLSPSLN,7
719,GENPNLFEFRY,11,GENPNL,6
719,GENPNLFEFRY,11,GENPNLF,7
720,GPDPDLSKFQY,11,GPDPDL,6
720,GPDPDLSKFQY,11,GPDPDLS,7
726,SADGQGITY,9,SADGQG,6
726,SADGQGITY,9,SADGQGI,7
727,ARDGQGITY,9,ARDGQG,6
727,ARDGQGITY,9,ARDGQGI,7
728,AADGQGLTH,9,AADGQG,6
728,AADGQGLTH,9,AADGQGL,7
729,GSGGSDAKY,9,GSGGSD,6
729,GSGGSDAKY,9,GSGGSDA,7
730,GSGGSDAKY,9,GSGGSD,6
730,GSGGSDAKY,9,GSGGSDA,7
731,GSGGADAKY,9,GSGGAD,6
731,GSGGADAKY,9,GSGGADA,7
732,GSGGADAQY,9,GSGGAD,6
732,GSGGADAQY,9,GSGGADA,7
737,GSGLGASDFQY,11,GSGLGA,6
737,GSGLGASDFQY,11,GSGLGAS,7
738,GSGLAASDFQY,11,GSGLAA,6
738,GSGLAASDFQY,11,GSGLAAS,7
739,GSGLSASEFQY,11,GSGLSA,6
739,GSGLSASEFQY,11,GSGLSAS,7
740,GSGNSASDFQY,11,GSGNSA,6
740,GSGNSASDFQY,11,GSGNSAS,7
741,GPAGQYQY,8,GPAGQY,6
741,GPAGQYQY,8,GPAGQYQ,7
742,GPAGEFQY,8,GPAGEF,6
742,GPAGEFQY,8,GPAGEFQ,7
743,GPYGSYQY,8,GPYGSY,6
743,GPYGSYQY,8,GPYGSYQ,7
744,GPYGQEQY,8,GPYGQE,6
744,GPYGQEQY,8,GPYGQEQ,7
745,GSSIGSSFQY,10,GSSIGS,6
745,GSSIGSSFQY,10,GSSIGSS,7
746,GSSIGSPFQF,10,GSSIGS,6
746,GSSIGSPFQF,10,GSSIGSP,7
747,GSSIGSPFQY,10,GSSIGS,6
747,GSSIGSPFQY,10,GSSIGSP,7
748,GSSIGTPFLY,10,GSSIGT,6
748,GSSIGTPFLY,10,GSSIGTP,7
749,GSTASMLPSSYQY,13,GSTASM,6
749,GSTASMLPSSYQY,13,GSTASML,7
750,GSTNSMKPDSYKY,13,GSTNSM,6
750,GSTNSMKPDSYKY,13,GSTNSMK,7
751,GSTNSMLPSDYSY,13,GSTNSM,6
751,GSTNSMLPSDYSY,13,GSTNSML,7
752,GSTSSMLPSSYSY,13,GSTSSM,6
752,GSTSSMLPSSYSY,13,GSTSSML,7
753,GSSIGQPFQY,10,GSSIGQ,6
753,GSSIGQPFQY,10,GSSIGQP,7
754,GSGIGEPFTY,10,GSGIGE,6
754,GSGIGEPFTY,10,GSGIGEP,7
755,GSSIGEPFQY,10,GSSIGE,6
755,GSSIGEPFQY,10,GSSIGEP,7
756,GSGIGEPFQY,10,GSGIGE,6
756,GSGIGEPFQY,10,GSGIGEP,7
757,SRTPLPNALYHY,12,SRTPLP,6
757,SRTPLPNALYHY,12,SRTPLPN,7
758,GRGPLGNALYRY,12,GRGPLG,6
758,GRGPLGNALYRY,12,GRGPLGN,7
759,STTALGNALYRY,12,STTALG,6
759,STTALGNALYRY,12,STTALGN,7
760,GTTPLPGGLYRY,12,GTTPLP,6
760,GTTPLPGGLYRY,12,GTTPLPG,7
765,GSSASNVSSFQY,12,GSSASN,6
765,GSSASNVSSFQY,12,GSSASNV,7
766,GSSYHDVSSFQY,12,GSSYHD,6
766,GSSYHDVSSFQY,12,GSSYHDV,7
767,GSSWSDVSSFKY,12,GSSWSD,6
767,GSSWSDVSSFKY,12,GSSWSDV,7
768,GSSYSDVSSFQY,12,GSSYSD,6
768,GSSYSDVSSFQY,12,GSSYSDV,7
769,AHSTETRFLY,10,AHSTET,6
769,AHSTETRFLY,10,AHSTETR,7
770,AHSSETRFQY,10,AHSSET,6
770,AHSSETRFQY,10,AHSSETR,7
771,RHSSLTRFQY,10,RHSSLT,6
771,RHSSLTRFQY,10,RHSSLTR,7
772,AHSSLTTFQY,10,AHSSLT,6
772,AHSSLTTFQY,10,AHSSLTT,7
773,ASDGGPFQY,9,ASDGGP,6
773,ASDGGPFQY,9,ASDGGPF,7
774,ARDGSGFSA,9,ARDGSG,6
774,ARDGSGFSA,9,ARDGSGF,7
775,ASDGSGFSA,9,ASDGSG,6
775,ASDGSGFSA,9,ASDGSGF,7
781,GLDGNFTY,8,GLDGNF,6
781,GLDGNFTY,8,GLDGNFT,7
782,GLDGHFTY,8,GLDGHF,6
782,GLDGHFTY,8,GLDGHFT,7
783,GLDGEFQY,8,GLDGEF,6
783,GLDGEFQY,8,GLDGEFQ,7
784,GLDGKFTH,8,GLDGKF,6
784,GLDGKFTH,8,GLDGKFT,7
785,GPSASVTTYTA,11,GPSASV,6
785,GPSASVTTYTA,11,GPSASVT,7
786,GPAGPVNTFRY,11,GPAGPV,6
786,GPAGPVNTFRY,11,GPAGPVN,7
787,GPSGPVNTFTA,11,GPSGPV,6
787,GPSGPVNTFTA,11,GPSGPVN,7
788,GPAAAVTRFTA,11,GPAAAV,6
788,GPAAAVTRFTA,11,GPAAAVT,7
789,GSSMAVSDFQY,11,GSSMAV,6
789,GSSMAVSDFQY,11,GSSMAVS,7
790,GSGMSVEEFQY,11,GSGMSV,6
790,GSGMSVEEFQY,11,GSGMSVE,7
791,GSSMSVDSFQY,11,GSSMSV,6
791,GSSMSVDSFQY,11,GSSMSVD,7
792,GSGMDVRSFQY,11,GSGMDV,6
792,GSGMDVRSFQY,11,GSGMDVR,7
793,GGPGYEEKQY,10,GGPGYE,6
793,GGPGYEEKQY,10,GGPGYEE,7
794,GGPGYSEKKY,10,GGPGYS,6
794,GGPGYSEKKY,10,GGPGYSE,7
795,GGPGYEEFQY,10,GGPGYE,6
795,GGPGYEEFQY,10,GGPGYEE,7
796,GGPGYSEMKY,10,GGPGYS,6
796,GGPGYSEMKY,10,GGPGYSE,7
797,GPGIGEPFQY,10,GPGIGE,6
797,GPGIGEPFQY,10,GPGIGEP,7
798,GSSIGEPFQY,10,GSSIGE,6
798,GSSIGEPFQY,10,GSSIGEP,7
799,GSGIGEPYQY,10,GSGIGE,6
799,GSGIGEPYQY,10,GSGIGEP,7
800,GSGIGEPFQY,10,GSGIGE,6
800,GSGIGEPFQY,10,GSGIGEP,7
805,GKDGYFQY,8,GKDGYF,6
805,GKDGYFQY,8,GKDGYFQ,7
807,GLDGRFTH,8,GLDGRF,6
807,GLDGRFTH,8,GLDGRFT,7
808,GLNGYFQY,8,GLNGYF,6
808,GLNGYFQY,8,GLNGYFQ,7
817,GELDNLQY,8,GELDNL,6
817,GELDNLQY,8,GELDNLQ,7
818,GELGNKQY,8,GELGNK,6
818,GELGNKQY,8,GELGNKQ,7
819,GPLGNLLY,8,GPLGNL,6
819,GPLGNLLY,8,GPLGNLL,7
821,GKGGQFQY,8,GKGGQF,6
821,GKGGQFQY,8,GKGGQFQ,7
822,GEGGHFQY,8,GEGGHF,6
822,GEGGHFQY,8,GEGGHFQ,7
823,GEGGNFQY,8,GEGGNF,6
823,GEGGNFQY,8,GEGGNFQ,7
824,GEGGNFTY,8,GEGGNF,6
824,GEGGNFTY,8,GEGGNFT,7
833,GGSGARPEDFSY,12,GGSGAR,6
833,GGSGARPEDFSY,12,GGSGARP,7
834,GGSSPRPEDYTY,12,GGSSPR,6
834,GGSSPRPEDYTY,12,GGSSPRP,7
835,GGSSPRPEDYSY,12,GGSSPR,6
835,GGSSPRPEDYSY,12,GGSSPRP,7
836,GGNSPRPEDYKY,12,GGNSPR,6
836,GGNSPRPEDYKY,12,GGNSPRP,7
837,AHSSQKTFKY,10,AHSSQK,6
837,AHSSQKTFKY,10,AHSSQKT,7
838,AHSSEKTFTY,10,AHSSEK,6
838,AHSSEKTFTY,10,AHSSEKT,7
839,AHSSQKTFSY,10,AHSSQK,6
839,AHSSQKTFSY,10,AHSSQKT,7
840,AHSSERTFRY,10,AHSSER,6
840,AHSSERTFRY,10,AHSSERT,7
845,GSSSSLSPNSYKY,13,GSSSSL,6
845,GSSSSLSPNSYKY,13,GSSSSLS,7
846,GSSSSMSPNEYTY,13,GSSSSM,6
846,GSSSSMSPNEYTY,13,GSSSSMS,7
847,GSSSSLSPNEYTY,13,GSSSSL,6
847,GSSSSLSPNEYTY,13,GSSSSLS,7
848,GSSYSLSPNDYTY,13,GSSYSL,6
848,GSSYSLSPNDYTY,13,GSSYSLS,7
849,GKESPFQY,8,GKESPF,6
849,GKESPFQY,8,GKESPFQ,7
850,GKETPFQY,8,GKETPF,6
850,GKETPFQY,8,GKETPFQ,7
851,GRENPFQY,8,GRENPF,6
851,GRENPFQY,8,GRENPFQ,7
852,GRENPFQF,8,GRENPF,6
852,GRENPFQF,8,GRENPFQ,7
853,GTSNSMNPGDYTY,13,GTSNSM,6
853,GTSNSMNPGDYTY,13,GTSNSMN,7
854,GSSSSMSPGSYKY,13,GSSSSM,6
854,GSSSSMSPGSYKY,13,GSSSSMS,7
855,GSSSSMNPGDYTY,13,GSSSSM,6
855,GSSSSMNPGDYTY,13,GSSSSMN,7
856,GSSHSMNPGDYKY,13,GSSHSM,6
856,GSSHSMNPGDYKY,13,GSSHSMN,7
857,GGGTARFTH,9,GGGTAR,6
857,GGGTARFTH,9,GGGTARF,7
858,GGSTATFRH,9,GGSTAT,6
858,GGSTATFRH,9,GGSTATF,7
859,GGGDAVFTH,9,GGGDAV,6
859,GGGDAVFTH,9,GGGDAVF,7
860,GGSDASFTH,9,GGSDAS,6
860,GGSDASFTH,9,GGSDASF,7
869,SRGASVHPDSWEY,13,SRGASV,6
869,SRGASVHPDSWEY,13,SRGASVH,7
870,NTGASVNSSSWSY,13,NTGASV,6
870,NTGASVNSSSWSY,13,NTGASVN,7
871,NRGASVHPSSWQY,13,NRGASV,6
871,NRGASVHPSSWQY,13,NRGASVH,7
872,NTGASVNQSDWTY,13,NTGASV,6
872,NTGASVNQSDWTY,13,NTGASVN,7
873,GLDDEKKTFKY,11,GLDDEK,6
873,GLDDEKKTFKY,11,GLDDEKK,7
874,GLDDKTRTFRY,11,GLDDKT,6
874,GLDDKTRTFRY,11,GLDDKTR,7
875,GLDDSRRTYTH,11,GLDDSR,6
875,GLDDSRRTYTH,11,GLDDSRR,7
876,GLDSSTKTFTH,11,GLDSST,6
876,GLDSSTKTFTH,11,GLDSSTK,7
877,GSNLSLRPSDYSY,13,GSNLSL,6
877,GSNLSLRPSDYSY,13,GSNLSLR,7
878,GSTLSFRPEDYSY,13,GSTLSF,6
878,GSTLSFRPEDYSY,13,GSTLSFR,7
879,GSNLSFRPEDYEY,13,GSNLSF,6
879,GSNLSFRPEDYEY,13,GSNLSFR,7
880,GKELSLRPEDYQY,13,GKELSL,6
880,GKELSLRPEDYQY,13,GKELSLR,7
889,GSSWGSSYRY,10,GSSWGS,6
889,GSSWGSSYRY,10,GSSWGSS,7
890,GPEPGSAFTY,10,GPEPGS,6
890,GPEPGSAFTY,10,GPEPGSA,7
891,GRAQGEAYRY,10,GRAQGE,6
891,GRAQGEAYRY,10,GRAQGEA,7
892,GPAQGSAYKY,10,GPAQGS,6
892,GPAQGSAYKY,10,GPAQGSA,7
905,GSSNSMSISSYTY,13,GSSNSM,6
905,GSSNSMSISSYTY,13,GSSNSMS,7
906,GSSNSMTISSYSY,13,GSSNSM,6
906,GSSNSMTISSYSY,13,GSSNSMT,7
907,GSSNSMSISSYKY,13,GSSNSM,6
907,GSSNSMSISSYKY,13,GSSNSMS,7
908,GSTNSMSISSYTY,13,GSTNSM,6
908,GSTNSMSISSYTY,13,GSTNSMS,7
909,GPSIGSPFTY,10,GPSIGS,6
909,GPSIGSPFTY,10,GPSIGSP,7
910,GPSLGSPFQY,10,GPSLGS,6
910,GPSLGSPFQY,10,GPSLGSP,7
911,GPTIGSPFQY,10,GPTIGS,6
911,GPTIGSPFQY,10,GPTIGSP,7
912,GPSIGSPFQY,10,GPSIGS,6
912,GPSIGSPFQY,10,GPSIGSP,7
917,GKVTSTLPSSWEY,13,GKVTST,6
917,GKVTSTLPSSWEY,13,GKVTSTL,7
918,SLVTDTLPSSWSY,13,SLVTDT,6
918,SLVTDTLPSSWSY,13,SLVTDTL,7
919,SKVTDVNPSSWSY,13,SKVTDV,6
919,SKVTDVNPSSWSY,13,SKVTDVN,7
920,SLVTSVLPSAWDY,13,SLVTSV,6
920,SLVTSVLPSAWDY,13,SLVTSVL,7
921,GGPPSLFPGYYSY,13,GGPPSL,6
921,GGPPSLFPGYYSY,13,GGPPSLF,7
922,GGEASLFPGNYSY,13,GGEASL,6
922,GGEASLFPGNYSY,13,GGEASLF,7
923,GGPPSLFPGLYTY,13,GGPPSL,6
923,GGPPSLFPGLYTY,13,GGPPSLF,7
924,GGPPSLFPGEYKY,13,GGPPSL,6
924,GGPPSLFPGEYKY,13,GGPPSLF,7
929,GVGLDDLQY,9,GVGLDD,6
929,GVGLDDLQY,9,GVGLDDL,7
930,GPGYDDFQY,9,GPGYDD,6
930,GPGYDDFQY,9,GPGYDDF,7
931,GPGLGDLQY,9,GPGLGD,6
931,GPGLGDLQY,9,GPGLGDL,7
932,GKGLGDFQY,9,GKGLGD,6
932,GKGLGDFQY,9,GKGLGDF,7
933,GLASSKTFTY,10,GLASSK,6
933,GLASSKTFTY,10,GLASSKT,7
934,GLASSRTFKY,10,GLASSR,6
934,GLASSRTFKY,10,GLASSRT,7
935,GLASSNSFKY,10,GLASSN,6
935,GLASSNSFKY,10,GLASSNS,7
936,GLASSRSFRY,10,GLASSR,6
936,GLASSRSFRY,10,GLASSRS,7
937,GSYPSMEPSDWSY,13,GSYPSM,6
937,GSYPSMEPSDWSY,13,GSYPSME,7
939,GQYPSMRPDDWQY,13,GQYPSM,6
939,GQYPSMRPDDWQY,13,GQYPSMR,7
940,GRYPSMEPSDYSY,13,GRYPSM,6
940,GRYPSMEPSDYSY,13,GRYPSME,7
949,GNSSRTFQY,9,GNSSRT,6
949,GNSSRTFQY,9,GNSSRTF,7
950,GGASRTFTH,9,GGASRT,6
950,GGASRTFTH,9,GGASRTF,7
951,GGSDNTFSY,9,GGSDNT,6
951,GGSDNTFSY,9,GGSDNTF,7
952,GPSDNTFRY,9,GPSDNT,6
952,GPSDNTFRY,9,GPSDNTF,7
969,GLESERTFRY,10,GLESER,6
969,GLESERTFRY,10,GLESERT,7
970,GLASDKTFKY,10,GLASDK,6
970,GLASDKTFKY,10,GLASDKT,7
971,GLASSRAFRY,10,GLASSR,6
971,GLASSRAFRY,10,GLASSRA,7
972,GHQSERAFRY,10,GHQSER,6
972,GHQSERAFRY,10,GHQSERA,7
977,GHSSSRTFQY,10,GHSSSR,6
977,GHSSSRTFQY,10,GHSSSRT,7
978,AHASSRSFKY,10,AHASSR,6
978,AHASSRSFKY,10,AHASSRS,7
979,GHSSSRTFTY,10,GHSSSR,6
979,GHSSSRTFTY,10,GHSSSRT,7
980,AHSSSSSFQY,10,AHSSSS,6
980,AHSSSSSFQY,10,AHSSSSS,7
981,GPTTGSPSDFPY,12,GPTTGS,6
981,GPTTGSPSDFPY,12,GPTTGSP,7
982,GPTMASPSDYKY,12,GPTMAS,6
982,GPTMASPSDYKY,12,GPTMASP,7
983,GPTMGSPSDYQY,12,GPTMGS,6
983,GPTMGSPSDYQY,12,GPTMGSP,7
984,GPTTGSPADFQY,12,GPTTGS,6
984,GPTTGSPADFQY,12,GPTTGSP,7
989,GSSASTNPSDWQY,13,GSSAST,6
989,GSSASTNPSDWQY,13,GSSASTN,7
990,GSSASTDPSDWQY,13,GSSAST,6
990,GSSASTDPSDWQY,13,GSSASTD,7
991,GSAASTRPSDWQY,13,GSAAST,6
991,GSAASTRPSDWQY,13,GSAASTR,7
992,GSSTSVNPSDWSY,13,GSSTSV,6
992,GSSTSVNPSDWSY,13,GSSTSVN,7
997,GTEGFTAEDFTY,12,GTEGFT,6
997,GTEGFTAEDFTY,12,GTEGFTA,7
999,GTEGFSASQFSY,12,GTEGFS,6
999,GTEGFSASQFSY,12,GTEGFSA,7
1000,GTEGFSASDFTY,12,GTEGFS,6
1000,GTEGFSASDFTY,12,GTEGFSA,7
1009,GPAGRFRY,8,GPAGRF,6
1009,GPAGRFRY,8,GPAGRFR,7
1010,GPPGRYRY,8,GPPGRY,6
1010,GPPGRYRY,8,GPPGRYR,7
1011,GPAGRYTH,8,GPAGRY,6
1011,GPAGRYTH,8,GPAGRYT,7
1012,GPPGRFTH,8,GPPGRF,6
1012,GPPGRFTH,8,GPPGRFT,7
1013,GDYDNFQY,8,GDYDNF,6
1013,GDYDNFQY,8,GDYDNFQ,7
1014,GDWDNYQY,8,GDWDNY,6
1014,GDWDNYQY,8,GDWDNYQ,7
1015,GPYDNYQY,8,GPYDNY,6
1015,GPYDNYQY,8,GPYDNYQ,7
1016,GDYDNYQA,8,GDYDNY,6
1016,GDYDNYQA,8,GDYDNYQ,7
1017,QRNGSGFSA,9,QRNGSG,6
1017,QRNGSGFSA,9,QRNGSGF,7
1018,SKNGTGFSA,9,SKNGTG,6
1018,SKNGTGFSA,9,SKNGTGF,7
1019,QRNGTGFAA,9,QRNGTG,6
1019,QRNGTGFAA,9,QRNGTGF,7
1025,SLTGDILPSSYSY,13,SLTGDI,6
1025,SLTGDILPSSYSY,13,SLTGDIL,7
1026,SRTGEVRASSYEY,13,SRTGEV,6
1026,SRTGEVRASSYEY,13,SRTGEVR,7
1027,SLVGSVRASDYQY,13,SLVGSV,6
1027,SLVGSVRASDYQY,13,SLVGSVR,7
1028,SLTGEISPSSYSY,13,SLTGEI,6
1028,SLTGEISPSSYSY,13,SLTGEIS,7
1029,GSSTTLPSDFSY,12,GSSTTL,6
1029,GSSTTLPSDFSY,12,GSSTTLP,7
1030,GTSTTEQSDFTY,12,GTSTTE,6
1030,GTSTTEQSDFTY,12,GTSTTEQ,7
1031,GNATTRSSDYTY,12,GNATTR,6
1031,GNATTRSSDYTY,12,GNATTRS,7
1032,GTSTTLSSDYTY,12,GTSTTL,6
1032,GTSTTLSSDYTY,12,GTSTTLS,7
1033,GSSSSMNPSDYSY,13,GSSSSM,6
1033,GSSSSMNPSDYSY,13,GSSSSMN,7
1034,GSTNSMSPSSYTY,13,GSTNSM,6
1034,GSTNSMSPSSYTY,13,GSTNSMS,7
1035,GSSNSMSPSDYTY,13,GSSNSM,6
1035,GSSNSMSPSDYTY,13,GSSNSMS,7
1036,GSTNSMNPSDYSY,13,GSTNSM,6
1036,GSTNSMNPSDYSY,13,GSTNSMN,7
1037,QNDNSPFQY,9,QNDNSP,6
1037,QNDNSPFQY,9,QNDNSPF,7
1038,QSGSNSFTA,9,QSGSNS,6
1038,QSGSNSFTA,9,QSGSNSF,7
1039,QSDSSSFSA,9,QSDSSS,6
1039,QSDSSSFSA,9,QSDSSSF,7
1040,QSGSDPFQY,9,QSGSDP,6
1040,QSGSDPFQY,9,QSGSDPF,7
1041,GRDGDFTY,8,GRDGDF,6
1041,GRDGDFTY,8,GRDGDFT,7
1042,GKDGPFTY,8,GKDGPF,6
1042,GKDGPFTY,8,GKDGPFT,7
1043,GKDGPFTY,8,GKDGPF,6
1043,GKDGPFTY,8,GKDGPFT,7
1044,GKNGSFTY,8,GKNGSF,6
1044,GKNGSFTY,8,GKNGSFT,7
1049,GSSSSLSPSSYTY,13,GSSSSL,6
1049,GSSSSLSPSSYTY,13,GSSSSLS,7
1050,GSSSSMSPSNYQY,13,GSSSSM,6
1050,GSSSSMSPSNYQY,13,GSSSSMS,7
1051,GSSASLSPSEYSY,13,GSSASL,6
1051,GSSASLSPSEYSY,13,GSSASLS,7
1052,GSSPSMRPSDYKY,13,GSSPSM,6
1052,GSSPSMRPSDYKY,13,GSSPSMR,7
1053,GAGLGTPFQY,10,GAGLGT,6
1053,GAGLGTPFQY,10,GAGLGTP,7
1054,GSGLGEPFQY,10,GSGLGE,6
1054,GSGLGEPFQY,10,GSGLGEP,7
1055,GESLGSPFQY,10,GESLGS,6
1055,GESLGSPFQY,10,GESLGSP,7
1056,GSGLGEPFQY,10,GSGLGE,6
1056,GSGLGEPFQY,10,GSGLGEP,7
1057,GGGSISEHQY,10,GGGSIS,6
1057,GGGSISEHQY,10,GGGSISE,7
1058,GGGSLSEHQY,10,GGGSLS,6
1058,GGGSLSEHQY,10,GGGSLSE,7
1059,GGGSLSEHQY,10,GGGSLS,6
1059,GGGSLSEHQY,10,GGGSLSE,7
1060,GGGSLSEHQY,10,GGGSLS,6
1060,GGGSLSEHQY,10,GGGSLSE,7
1065,GTSISSNFQY,10,GTSISS,6
1065,GTSISSNFQY,10,GTSISSN,7
1066,GKTISSNFTY,10,GKTISS,6
1066,GKTISSNFTY,10,GKTISSN,7
1067,GLSFSSDFKY,10,GLSFSS,6
1067,GLSFSSDFKY,10,GLSFSSD,7
1068,GRTIDSNFQY,10,GRTIDS,6
1068,GRTIDSNFQY,10,GRTIDSN,7
1069,GPAAATNTYKY,11,GPAAAT,6
1069,GPAAATNTYKY,11,GPAAATN,7
1070,GPDAPMNRFTA,11,GPDAPM,6
1070,GPDAPMNRFTA,11,GPDAPMN,7
1071,GLDAPTNSFTY,11,GLDAPT,6
1071,GLDAPTNSFTY,11,GLDAPTN,7
1072,GPSSSTNSFRY,11,GPSSST,6
1072,GPSSSTNSFRY,11,GPSSSTN,7
1073,GSETSVEGFKY,11,GSETSV,6
1073,GSETSVEGFKY,11,GSETSVE,7
1074,GTGTSVDGFQY,11,GTGTSV,6
1074,GTGTSVDGFQY,11,GTGTSVD,7
1075,GSGTSIEGFKY,11,GSGTSI,6
1075,GSGTSIEGFKY,11,GSGTSIE,7
1076,GTGTDVRGFTH,11,GTGTDV,6
1076,GTGTDVRGFTH,11,GTGTDVR,7
1081,QNNNTSFQY,9,QNNNTS,6
1081,QNNNTSFQY,9,QNNNTSF,7
1082,QNDGTSYQY,9,QNDGTS,6
1082,QNDGTSYQY,9,QNDGTSY,7
1083,QNSGTSYQY,9,QNSGTS,6
1083,QNSGTSYQY,9,QNSGTSY,7
1084,QNNDTSFQY,9,QNNDTS,6
1084,QNNDTSFQY,9,QNNDTSF,7
1093,GLSGQPFQY,9,GLSGQP,6
1093,GLSGQPFQY,9,GLSGQPF,7
1094,GLVGQPFTH,9,GLVGQP,6
1094,GLVGQPFTH,9,GLVGQPF,7
1095,GRFGEDFQY,9,GRFGED,6
1095,GRFGEDFQY,9,GRFGEDF,7
1096,GRAGQPFQY,9,GRAGQP,6
1096,GRAGQPFQY,9,GRAGQPF,7
1097,GSSTDIESFKY,11,GSSTDI,6
1097,GSSTDIESFKY,11,GSSTDIE,7
1098,GSSTDISSFQY,11,GSSTDI,6
1098,GSSTDISSFQY,11,GSSTDIS,7
1099,GTTTDVSSFQY,11,GTTTDV,6
1099,GTTTDVSSFQY,11,GTTTDVS,7
1100,GSTTSIESFTY,11,GSTTSI,6
1100,GSTTSIESFTY,11,GSTTSIE,7
1101,GGPSLRPSDHSY,12,GGPSLR,6
1101,GGPSLRPSDHSY,12,GGPSLRP,7
1102,GGASLRPSDYQY,12,GGASLR,6
1102,GGASLRPSDYQY,12,GGASLRP,7
1103,GGPSLEPSDHQY,12,GGPSLE,6
1103,GGPSLEPSDHQY,12,GGPSLEP,7
1104,GGASLRPSDHSY,12,GGASLR,6
1104,GGASLRPSDHSY,12,GGASLRP,7
1109,GPASSNTFRY,10,GPASSN,6
1109,GPASSNTFRY,10,GPASSNT,7
1110,GPASNNTFTW,10,GPASNN,6
1110,GPASNNTFTW,10,GPASNNT,7
1111,GPGSSNTFKY,10,GPGSSN,6
1111,GPGSSNTFKY,10,GPGSSNT,7
1112,GLASDNSFKY,10,GLASDN,6
1112,GLASDNSFKY,10,GLASDNS,7
1119,QHSSEQHFTA,10,QHSSEQ,6
1119,QHSSEQHFTA,10,QHSSEQH,7
1120,QHNSSSNFQA,10,QHNSSS,6
1120,QHNSSSNFQA,10,QHNSSSN,7
1125,ANKDAGWQY,9,ANKDAG,6
1125,ANKDAGWQY,9,ANKDAGW,7
1126,ANSSAGWEY,9,ANSSAG,6
1126,ANSSAGWEY,9,ANSSAGW,7
1127,ANSSSGWAY,9,ANSSSG,6
1127,ANSSSGWAY,9,ANSSSGW,7
1128,ANSSAGWQY,9,ANSSAG,6
1128,ANSSAGWQY,9,ANSSAGW,7
1129,GPGGHFQH,8,GPGGHF,6
1129,GPGGHFQH,8,GPGGHFQ,7
1130,GPGGHFQY,8,GPGGHF,6
1130,GPGGHFQY,8,GPGGHFQ,7
1131,GAGGHFQY,8,GAGGHF,6
1131,GAGGHFQY,8,GAGGHFQ,7
1132,GPGGHFTH,8,GPGGHF,6
1132,GPGGHFTH,8,GPGGHFT,7
1133,GSTTSVESFKY,11,GSTTSV,6
1133,GSTTSVESFKY,11,GSTTSVE,7
1134,GSTTSVSSFKY,11,GSTTSV,6
1134,GSTTSVSSFKY,11,GSTTSVS,7
1135,GSTTSVSSFKY,11,GSTTSV,6
1135,GSTTSVSSFKY,11,GSTTSVS,7
1136,GSTTSVESFTY,11,GSTTSV,6
1136,GSTTSVESFTY,11,GSTTSVE,7
1137,GSSDSLSPSSYSY,13,GSSDSL,6
1137,GSSDSLSPSSYSY,13,GSSDSLS,7
1138,GSSSSISPSSYSS,13,GSSSSI,6
1138,GSSSSISPSSYSS,13,GSSSSIS,7
1139,GSSSSISPSSYTY,13,GSSSSI,6
1139,GSSSSISPSSYTY,13,GSSSSIS,7
1140,GSSSSIDPSSYSY,13,GSSSSI,6
1140,GSSSSIDPSSYSY,13,GSSSSID,7
1142,GLDGSVRPSDYQY,13,GLDGSV,6
1142,GLDGSVRPSDYQY,13,GLDGSVR,7
1143,GLDGSVRPEDYTY,13,GLDGSV,6
1143,GLDGSVRPEDYTY,13,GLDGSVR,7
1144,GRDGSVRPEDYQY,13,GRDGSV,6
1144,GRDGSVRPEDYQY,13,GRDGSVR,7
1145,GPTMNVESFQY,11,GPTMNV,6
1145,GPTMNVESFQY,11,GPTMNVE,7
1146,GPTMNVESFQF,11,GPTMNV,6
1146,GPTMNVESFQF,11,GPTMNVE,7
1147,GSTTNVSSFTA,11,GSTTNV,6
1147,GSTTNVSSFTA,11,GSTTNVS,7
1148,GPTMNVEDFQF,11,GPTMNV,6
1148,GPTMNVEDFQF,11,GPTMNVE,7
1149,NLTMDSLSEYQF,12,NLTMDS,6
1149,NLTMDSLSEYQF,12,NLTMDSL,7
1150,NRSMNSLSEYQY,12,NRSMNS,6
1150,NRSMNSLSEYQY,12,NRSMNSL,7
1151,NLSMDSLSEYQY,12,NLSMDS,6
1151,NLSMDSLSEYQY,12,NLSMDSL,7
1152,NRSMTSLSEYQY,12,NRSMTS,6
1152,NRSMTSLSEYQY,12,NRSMTSL,7
1153,GSGGVFQY,8,GSGGVF,6
1153,GSGGVFQY,8,GSGGVFQ,7
1154,GQGGQFQY,8,GQGGQF,6
1154,GQGGQFQY,8,GQGGQFQ,7
1155,GPGGVFQY,8,GPGGVF,6
1155,GPGGVFQY,8,GPGGVFQ,7
1156,GSGGHFTH,8,GSGGHF,6
1156,GSGGHFTH,8,GSGGHFT,7
1169,GSGTDPRNFQY,11,GSGTDP,6
1169,GSGTDPRNFQY,11,GSGTDPR,7
1170,GSGTDPRDFQY,11,GSGTDP,6
1170,GSGTDPRDFQY,11,GSGTDPR,7
1171,GSSTDPRNFKY,11,GSSTDP,6
1171,GSSTDPRNFKY,11,GSSTDPR,7
1172,GSGTDPRNFTY,11,GSGTDP,6
1172,GSGTDPRNFTY,11,GSGTDPR,7
1173,STNGQGFTY,9,STNGQG,6
1173,STNGQGFTY,9,STNGQGF,7
1174,ATDGTGFSA,9,ATDGTG,6
1174,ATDGTGFSA,9,ATDGTGF,7
1175,ATDGTGFTY,9,ATDGTG,6
1175,ATDGTGFTY,9,ATDGTGF,7
1176,ATDGTGFQY,9,ATDGTG,6
1176,ATDGTGFQY,9,ATDGTGF,7
1177,GGGSVNPSSKTY,12,GGGSVN,6
1177,GGGSVNPSSKTY,12,GGGSVNP,7
1178,GSGSVNPQDKTY,12,GSGSVN,6
1178,GSGSVNPQDKTY,12,GSGSVNP,7
1179,GGGSVDPSDKTY,12,GGGSVD,6
1179,GGGSVDPSDKTY,12,GGGSVDP,7
1180,GGGSVNPSDKTY,12,GGGSVN,6
1180,GGGSVNPSDKTY,12,GGGSVNP,7
1181,GSGMYYSDFQY,11,GSGMYY,6
1181,GSGMYYSDFQY,11,GSGMYYS,7
1182,GSGMYYSEFTA,11,GSGMYY,6
1182,GSGMYYSEFTA,11,GSGMYYS,7
1183,GSSMHYSDFQY,11,GSSMHY,6
1183,GSSMHYSDFQY,11,GSSMHYS,7
1184,GSGMHYSDFTA,11,GSGMHY,6
1184,GSGMHYSDFTA,11,GSGMHYS,7
1185,GSTSSMSPSNYTY,13,GSTSSM,6
1185,GSTSSMSPSNYTY,13,GSTSSMS,7
1186,GSSYSMSPSSYKY,13,GSSYSM,6
1186,GSSYSMSPSSYKY,13,GSSYSMS,7
1187,GSSSSLSPSDYTY,13,GSSSSL,6
1187,GSSSSLSPSDYTY,13,GSSSSLS,7
1188,GSSSSLSPSSYSY,13,GSSSSL,6
1188,GSSSSLSPSSYSY,13,GSSSSLS,7
1189,GEEMGGASDYRY,12,GEEMGG,6
1189,GEEMGGASDYRY,12,GEEMGGA,7
1190,GEEMGSASSYKY,12,GEEMGS,6
1190,GEEMGSASSYKY,12,GEEMGSA,7
1191,GQEMGGASDYQY,12,GQEMGG,6
1191,GQEMGGASDYQY,12,GQEMGGA,7
1192,GPEMGGASSYQY,12,GPEMGG,6
1192,GPEMGGASSYQY,12,GPEMGGA,7
1193,GPAATRAFRY,10,GPAATR,6
1193,GPAATRAFRY,10,GPAATRA,7
1194,GLGKTKQFTY,10,GLGKTK,6
1194,GLGKTKQFTY,10,GLGKTKQ,7
1195,GPASTNQFTY,10,GPASTN,6
1195,GPASTNQFTY,10,GPASTNQ,7
1196,GPASTNAFRF,10,GPASTN,6
1196,GPASTNAFRF,10,GPASTNA,7
1197,GGLSTTDWKY,10,GGLSTT,6
1197,GGLSTTDWKY,10,GGLSTTD,7
1198,GGLTTTDWKY,10,GGLTTT,6
1198,GGLTTTDWKY,10,GGLTTTD,7
1199,GGLTTTDFQY,10,GGLTTT,6
1199,GGLTTTDFQY,10,GGLTTTD,7
1200,DGLTTTDWKY,10,DGLTTT,6
1200,DGLTTTDWKY,10,DGLTTTD,7
1205,GGSGIDPSSYTY,12,GGSGID,6
1205,GGSGIDPSSYTY,12,GGSGIDP,7
1206,GGSGISPSSHKY,12,GGSGIS,6
1206,GGSGISPSSHKY,12,GGSGISP,7
1207,GGSGIDPSDYTY,12,GGSGID,6
1207,GGSGIDPSDYTY,12,GGSGIDP,7
1208,GGSGLSPSDYRY,12,GGSGLS,6
1208,GGSGLSPSDYRY,12,GGSGLSP,7
1213,GLAGTSPSYQY,11,GLAGTS,6
1213,GLAGTSPSYQY,11,GLAGTSP,7
1214,GLAGTSPTYRF,11,GLAGTS,6
1214,GLAGTSPTYRF,11,GLAGTSP,7
1215,GLAGQSPSYRY,11,GLAGQS,6
1215,GLAGQSPSYRY,11,GLAGQSP,7
1216,GLAGTAPTYRY,11,GLAGTA,6
1216,GLAGTAPTYRY,11,GLAGTAP,7
1217,GTGPLPLPSNYTY,13,GTGPLP,6
1217,GTGPLPLPSNYTY,13,GTGPLPL,7
1218,GLGPLPNPSNYQY,13,GLGPLP,6
1218,GLGPLPNPSNYQY,13,GLGPLPN,7
1219,GRGPIPNPSNYTY,13,GRGPIP,6
1219,GRGPIPNPSNYTY,13,GRGPIPN,7
1220,GTGAISNPSNYRY,13,GTGAIS,6
1220,GTGAISNPSNYRY,13,GTGAISN,7
1221,GLGENSTEGFLY,12,GLGENS,6
1221,GLGENSTEGFLY,12,GLGENST,7
1222,GLGDFGTSGFQY,12,GLGDFG,6
1222,GLGDFGTSGFQY,12,GLGDFGT,7
1223,GLGGNHTSDFQY,12,GLGGNH,6
1223,GLGGNHTSDFQY,12,GLGGNHT,7
1224,GLGGNSTEDFQY,12,GLGGNS,6
1224,GLGGNSTEDFQY,12,GLGGNST,7
1225,GGYRLEDKKY,10,GGYRLE,6
1225,GGYRLEDKKY,10,GGYRLED,7
1226,GGYSLADKKY,10,GGYSLA,6
1226,GGYSLADKKY,10,GGYSLAD,7
1227,GGFTQSDKKY,10,GGFTQS,6
1227,GGFTQSDKKY,10,GGFTQSD,7
1228,GGFSASDRQY,10,GGFSAS,6
1228,GGFSASDRQY,10,GGFSASD,7
1237,GSSSSMSPSDFTY,13,GSSSSM,6
1237,GSSSSMSPSDFTY,13,GSSSSMS,7
1238,GSSSSMNPSDYQY,13,GSSSSM,6
1238,GSSSSMNPSDYQY,13,GSSSSMN,7
1239,GSSSSMSPSSFSY,13,GSSSSM,6
1239,GSSSSMSPSSFSY,13,GSSSSMS,7
1240,GSSSSMSPSEYSY,13,GSSSSM,6
1240,GSSSSMSPSEYSY,13,GSSSSMS,7
1249,ASSSSGWSA,9,ASSSSG,6
1249,ASSSSGWSA,9,ASSSSGW,7
1250,ASSSSGWTY,9,ASSSSG,6
1250,ASSSSGWTY,9,ASSSSGW,7
1251,ASSSSGWSA,9,ASSSSG,6
1251,ASSSSGWSA,9,ASSSSGW,7
1252,ASSSSGWSA,9,ASSSSG,6
1252,ASSSSGWSA,9,ASSSSGW,7
1253,GSGGNFTY,8,GSGGNF,6
1253,GSGGNFTY,8,GSGGNFT,7
1254,GPGGEFQY,8,GPGGEF,6
1254,GPGGEFQY,8,GPGGEFQ,7
1255,GSGGNFTY,8,GSGGNF,6
1255,GSGGNFTY,8,GSGGNFT,7
1256,GEGGNFTH,8,GEGGNF,6
1256,GEGGNFTH,8,GEGGNFT,7
1257,GSSTDVRDFTH,11,GSSTDV,6
1257,GSSTDVRDFTH,11,GSSTDVR,7
1258,GSTTDVRDFTA,11,GSTTDV,6
1258,GSTTDVRDFTA,11,GSTTDVR,7
1259,GSSTSVSDFTA,11,GSSTSV,6
1259,GSSTSVSDFTA,11,GSSTSVS,7
1260,GSSTAVEDFKY,11,GSSTAV,6
1260,GSSTAVEDFKY,11,GSSTAVE,7
1273,GSASTGFSA,9,GSASTG,6
1273,GSASTGFSA,9,GSASTGF,7
1274,GNSSSGFTY,9,GNSSSG,6
1274,GNSSSGFTY,9,GNSSSGF,7
1275,GSSSSGFSA,9,GSSSSG,6
1275,GSSSSGFSA,9,GSSSSGF,7
1276,GNSSSGFTA,9,GNSSSG,6
1276,GNSSSGFTA,9,GNSSSGF,7
1277,GPTIDDFRY,9,GPTIDD,6
1277,GPTIDDFRY,9,GPTIDDF,7
1278,GPTVDDFQY,9,GPTVDD,6
1278,GPTVDDFQY,9,GPTVDDF,7
1279,GPTIDSFEY,9,GPTIDS,6
1279,GPTIDSFEY,9,GPTIDSF,7
1280,GPTIDSLSA,9,GPTIDS,6
1280,GPTIDSLSA,9,GPTIDSL,7
1285,GPGGNFQY,8,GPGGNF,6
1285,GPGGNFQY,8,GPGGNFQ,7
1286,GSGGNFTA,8,GSGGNF,6
1286,GSGGNFTA,8,GSGGNFT,7
1287,GSGGNFQY,8,GSGGNF,6
1287,GSGGNFQY,8,GSGGNFQ,7
1288,GLGGEFQY,8,GLGGEF,6
1288,GLGGEFQY,8,GLGGEFQ,7
1289,SSSGTGLTY,9,SSSGTG,6
1289,SSSGTGLTY,9,SSSGTGL,7
1290,ASSGQGWSA,9,ASSGQG,6
1290,ASSGQGWSA,9,ASSGQGW,7
1291,SASGQGWSA,9,SASGQG,6
1291,SASGQGWSA,9,SASGQGW,7
1292,SYDGQGWSA,9,SYDGQG,6
1292,SYDGQGWSA,9,SYDGQGW,7
1305,GLGSDPTFKY,10,GLGSDP,6
1305,GLGSDPTFKY,10,GLGSDPT,7
1306,GLASDPTFRY,10,GLASDP,6
1306,GLASDPTFRY,10,GLASDPT,7
1307,GLASDKTFKY,10,GLASDK,6
1307,GLASDKTFKY,10,GLASDKT,7
1308,GLASDPTFRY,10,GLASDP,6
1308,GLASDPTFRY,10,GLASDPT,7
1309,GEDGKFTY,8,GEDGKF,6
1309,GEDGKFTY,8,GEDGKFT,7
1310,GANGNFTY,8,GANGNF,6
1310,GANGNFTY,8,GANGNFT,7
1311,GENGNFTY,8,GENGNF,6
1311,GENGNFTY,8,GENGNFT,7
1312,GSDGSFTY,8,GSDGSF,6
1312,GSDGSFTY,8,GSDGSFT,7
1313,GAPSTGDPAGYTY,13,GAPSTG,6
1313,GAPSTGDPAGYTY,13,GAPSTGD,7
1314,GAPSTGDPSGYSY,13,GAPSTG,6
1314,GAPSTGDPSGYSY,13,GAPSTGD,7
1315,GSSGDGSPSSYQY,13,GSSGDG,6
1315,GSSGDGSPSSYQY,13,GSSGDGS,7
1316,GSSSDGNPSGYKY,13,GSSSDG,6
1316,GSSSDGNPSGYKY,13,GSSSDGN,7
1317,GLHTGSASEYEY,12,GLHTGS,6
1317,GLHTGSASEYEY,12,GLHTGSA,7
1318,GLSTDSLSGYQY,12,GLSTDS,6
1318,GLSTDSLSGYQY,12,GLSTDSL,7
1319,GLTTGSLEDYQY,12,GLTTGS,6
1319,GLTTGSLEDYQY,12,GLTTGSL,7
1320,GLTTGSLSEYQY,12,GLTTGS,6
1320,GLTTGSLSEYQY,12,GLTTGSL,7
1333,GKSMGSLSDYKY,12,GKSMGS,6
1333,GKSMGSLSDYKY,12,GKSMGSL,7
1334,GKYMGSLSDYEY,12,GKYMGS,6
1334,GKYMGSLSDYEY,12,GKYMGSL,7
1335,GKSMGSLSDYQY,12,GKSMGS,6
1335,GKSMGSLSDYQY,12,GKSMGSL,7
1336,GKTMGSLSDYQY,12,GKTMGS,6
1336,GKTMGSLSDYQY,12,GKTMGSL,7
1341,ARNGENFTY,9,ARNGEN,6
1341,ARNGENFTY,9,ARNGENF,7
1342,ARNGQPFTY,9,ARNGQP,6
1342,ARNGQPFTY,9,ARNGQPF,7
1343,AANGQPFTY,9,AANGQP,6
1343,AANGQPFTY,9,AANGQPF,7
1344,AANGQPLTY,9,AANGQP,6
1344,AANGQPLTY,9,AANGQPL,7
1345,LHVSESDWQY,10,LHVSES,6
1345,LHVSESDWQY,10,LHVSESD,7
1346,LHNTETNFTH,10,LHNTET,6
1346,LHNTETNFTH,10,LHNTETN,7
1347,LHVSESEWQY,10,LHVSES,6
1347,LHVSESEWQY,10,LHVSESE,7
1348,LHINESEWQY,10,LHINES,6
1348,LHINESEWQY,10,LHINESE,7
1349,GGSLTLPSSKSY,12,GGSLTL,6
1349,GGSLTLPSSKSY,12,GGSLTLP,7
1350,GGSLTTPESKTY,12,GGSLTT,6
1350,GGSLTTPESKTY,12,GGSLTTP,7
1351,GGSLTSASDKSY,12,GGSLTS,6
1351,GGSLTSASDKSY,12,GGSLTSA,7
1352,GGNLTSPSSKQY,12,GGNLTS,6
1352,GGNLTSPSSKQY,12,GGNLTSP,7
1353,GPDGYFTF,8,GPDGYF,6
1353,GPDGYFTF,8,GPDGYFT,7
1354,GQDGNFQY,8,GQDGNF,6
1354,GQDGNFQY,8,GQDGNFQ,7
1355,GSNGYFQY,8,GSNGYF,6
1355,GSNGYFQY,8,GSNGYFQ,7
1356,GSNGYFTY,8,GSNGYF,6
1356,GSNGYFTY,8,GSNGYFT,7
1357,NLQSLAPSSAQY,12,NLQSLA,6
1357,NLQSLAPSSAQY,12,NLQSLAP,7
1358,NLTDISPSSAQY,12,NLTDIS,6
1358,NLTDISPSSAQY,12,NLTDISP,7
1359,NLSSLAPSSAQY,12,NLSSLA,6
1359,NLSSLAPSSAQY,12,NLSSLAP,7
1360,NLTDLSPSSATY,12,NLTDLS,6
1360,NLTDLSPSSATY,12,NLTDLSP,7
1361,RHTSSSRFQA,10,RHTSSS,6
1361,RHTSSSRFQA,10,RHTSSSR,7
1362,RHTSSSNFTA,10,RHTSSS,6
1362,RHTSSSNFTA,10,RHTSSSN,7
1363,RHVTESNFSA,10,RHVTES,6
1363,RHVTESNFSA,10,RHVTESN,7
1365,GGSGTSPSSYSY,12,GGSGTS,6
1365,GGSGTSPSSYSY,12,GGSGTSP,7
1366,GGSGTNPSDYTY,12,GGSGTN,6
1366,GGSGTNPSDYTY,12,GGSGTNP,7
1367,GGSSTSPSSYSY,12,GGSSTS,6
1367,GGSSTSPSSYSY,12,GGSSTSP,7
1368,GGPGTDPSSYTY,12,GGPGTD,6
1368,GGPGTDPSSYTY,12,GGPGTDP,7
1373,GLNNRFQY,8,GLNNRF,6
1373,GLNNRFQY,8,GLNNRFQ,7
1374,GLNNRFTY,8,GLNNRF,6
1374,GLNNRFTY,8,GLNNRFT,7
1375,GRNNRFQF,8,GRNNRF,6
1375,GRNNRFQF,8,GRNNRFQ,7
1376,GLNNRFTH,8,GLNNRF,6
1376,GLNNRFTH,8,GLNNRFT,7
1381,GGTGVRPEDFQY,12,GGTGVR,6
1381,GGTGVRPEDFQY,12,GGTGVRP,7
1382,DATGTRPEDFKY,12,DATGTR,6
1382,DATGTRPEDFKY,12,DATGTRP,7
1383,DGTGVHPSSYKY,12,DGTGVH,6
1383,DGTGVHPSSYKY,12,DGTGVHP,7
1384,GGTDTRPSSFKY,12,GGTDTR,6
1384,GGTDTRPSSFKY,12,GGTDTRP,7
1393,QHLNEGEWQA,10,QHLNEG,6
1393,QHLNEGEWQA,10,QHLNEGE,7
1395,QHLGESNWSA,10,QHLGES,6
1395,QHLGESNWSA,10,QHLGESN,7
1396,QHQSSGTIEA,10,QHQSSG,6
1396,QHQSSGTIEA,10,QHQSSGT,7
1397,GSGTSIENFQY,11,GSGTSI,6
1397,GSGTSIENFQY,11,GSGTSIE,7
1398,GSGMSVEDFKY,11,GSGMSV,6
1398,GSGMSVEDFKY,11,GSGMSVE,7
1399,GSGTSIEDFQY,11,GSGTSI,6
1399,GSGTSIEDFQY,11,GSGTSIE,7
1400,GSSTDISSFQY,11,GSSTDI,6
1400,GSSTDISSFQY,11,GSSTDIS,7
1405,GATIGEPFQY,10,GATIGE,6
1405,GATIGEPFQY,10,GATIGEP,7
1406,GSSIGEPFQY,10,GSSIGE,6
1406,GSSIGEPFQY,10,GSSIGEP,7
1407,GSSIGLPFQY,10,GSSIGL,6
1407,GSSIGLPFQY,10,GSSIGLP,7
1408,GSSIGTPFQY,10,GSSIGT,6
1408,GSSIGTPFQY,10,GSSIGTP,7
1413,LNDSSEFQY,9,LNDSSE,6
1413,LNDSSEFQY,9,LNDSSEF,7
1414,LAGSSSFQY,9,LAGSSS,6
1414,LAGSSSFQY,9,LAGSSSF,7
1415,LSGSTEFQY,9,LSGSTE,6
1415,LSGSTEFQY,9,LSGSTEF,7
1416,LFGSENFQA,9,LFGSEN,6
1416,LFGSENFQA,9,LFGSENF,7
1417,GSTLAVESFTY,11,GSTLAV,6
1417,GSTLAVESFTY,11,GSTLAVE,7
1418,GSGLSVDSFQY,11,GSGLSV,6
1418,GSGLSVDSFQY,11,GSGLSVD,7
1419,GSTLSVDSFQY,11,GSTLSV,6
1419,GSTLSVDSFQY,11,GSTLSVD,7
1420,GSTLAVESFKY,11,GSTLAV,6
1420,GSTLAVESFKY,11,GSTLAVE,7
1421,GHGSSRTFRY,10,GHGSSR,6
1421,GHGSSRTFRY,10,GHGSSRT,7
1422,GLGSSKSFRY,10,GLGSSK,6
1422,GLGSSKSFRY,10,GLGSSKS,7
1423,GHGSSPSFKY,10,GHGSSP,6
1423,GHGSSPSFKY,10,GHGSSPS,7
1424,GHASDPSFKY,10,GHASDP,6
1424,GHASDPSFKY,10,GHASDPS,7
1425,GPSSDTTFLY,10,GPSSDT,6
1425,GPSSDTTFLY,10,GPSSDTT,7
1426,GLASDTTFTY,10,GLASDT,6
1426,GLASDTTFTY,10,GLASDTT,7
1427,GPASNTTFLW,10,GPASNT,6
1427,GPASNTTFLW,10,GPASNTT,7
1428,GPAADTTFTY,10,GPAADT,6
1428,GPAADTTFTY,10,GPAADTT,7
1433,GSGVRPSDKKY,11,GSGVRP,6
1433,GSGVRPSDKKY,11,GSGVRPS,7
1434,GSGVRPSDKKY,11,GSGVRP,6
1434,GSGVRPSDKKY,11,GSGVRPS,7
1435,GSGVRPEDKRY,11,GSGVRP,6
1435,GSGVRPEDKRY,11,GSGVRPE,7
1436,GSGVRPEDKQY,11,GSGVRP,6
1436,GSGVRPEDKQY,11,GSGVRPE,7
1437,GRNGNFQY,8,GRNGNF,6
1437,GRNGNFQY,8,GRNGNFQ,7
1438,GKNGRYTH,8,GKNGRY,6
1438,GKNGRYTH,8,GKNGRYT,7
1439,GLNGDFQY,8,GLNGDF,6
1439,GLNGDFQY,8,GLNGDFQ,7
1440,GLDGDFQY,8,GLDGDF,6
1440,GLDGDFQY,8,GLDGDFQ,7
1445,GGTDIRSWQY,10,GGTDIR,6
1445,GGTDIRSWQY,10,GGTDIRS,7
1446,GGTNIQDWRY,10,GGTNIQ,6
1446,GGTNIQDWRY,10,GGTNIQD,7
1447,GGTDINSWQY,10,GGTDIN,6
1447,GGTDINSWQY,10,GGTDINS,7
1448,GGTDITNWSY,10,GGTDIT,6
1448,GGTDITNWSY,10,GGTDITN,7
1453,GSTISPSSFQY,11,GSTISP,6
1453,GSTISPSSFQY,11,GSTISPS,7
1454,GSSIDPRSFQY,11,GSSIDP,6
1454,GSSIDPRSFQY,11,GSSIDPR,7
1455,GSTISPESFQY,11,GSTISP,6
1455,GSTISPESFQY,11,GSTISPE,7
1456,GSSLSPDSFQY,11,GSSLSP,6
1456,GSSLSPDSFQY,11,GSSLSPD,7
1457,STANGSYA,8,STANGS,6
1457,STANGSYA,8,STANGSY,7
1458,STANGNYA,8,STANGN,6
1458,STANGNYA,8,STANGNY,7
1459,SNSSGAYA,8,SNSSGA,6
1459,SNSSGAYA,8,SNSSGAY,7
1460,STANGEYA,8,STANGE,6
1460,STANGEYA,8,STANGEY,7
1469,GSGTSVSEFTY,11,GSGTSV,6
1469,GSGTSVSEFTY,11,GSGTSVS,7
1470,GSGMSVDQFQY,11,GSGMSV,6
1470,GSGMSVDQFQY,11,GSGMSVD,7
1471,GSGMNVEDFQY,11,GSGMNV,6
1471,GSGMNVEDFQY,11,GSGMNVE,7
1472,GSGTSVSDFQY,11,GSGTSV,6
1472,GSGTSVSDFQY,11,GSGTSVS,7
1473,GSSASMDPSDYSY,13,GSSASM,6
1473,GSSASMDPSDYSY,13,GSSASMD,7
1474,GSSASMNASDYTY,13,GSSASM,6
1474,GSSASMNASDYTY,13,GSSASMN,7
1475,GSSASMNPSDYSY,13,GSSASM,6
1475,GSSASMNPSDYSY,13,GSSASMN,7
1476,GQSASMDPSDYSY,13,GQSASM,6
1476,GQSASMDPSDYSY,13,GQSASMD,7
1481,SSKDTDLSA,9,SSKDTD,6
1481,SSKDTDLSA,9,SSKDTDL,7
1482,ANKNSDLTY,9,ANKNSD,6
1482,ANKNSDLTY,9,ANKNSDL,7
1483,ASSSSGFTY,9,ASSSSG,6
1483,ASSSSGFTY,9,ASSSSGF,7
1484,ASKDSGFTY,9,ASKDSG,6
1484,ASKDSGFTY,9,ASKDSGF,7
1489,GSSLGEPFLY,10,GSSLGE,6
1489,GSSLGEPFLY,10,GSSLGEP,7
1490,GSSLGQPFQY,10,GSSLGQ,6
1490,GSSLGQPFQY,10,GSSLGQP,7
1491,GSSLGEPFQY,10,GSSLGE,6
1491,GSSLGEPFQY,10,GSSLGEP,7
1492,GSSLGLPFQY,10,GSSLGL,6
1492,GSSLGLPFQY,10,GSSLGLP,7
1493,GSGSGLSPSNFSY,13,GSGSGL,6
1493,GSGSGLSPSNFSY,13,GSGSGLS,7
1494,GDGPSLSPSSYRY,13,GDGPSL,6
1494,GDGPSLSPSSYRY,13,GDGPSLS,7
1495,GSGHGLSPSNYTY,13,GSGHGL,6
1495,GSGHGLSPSNYTY,13,GSGHGLS,7
1496,GSSSSLSPSSFTY,13,GSSSSL,6
1496,GSSSSLSPSSFTY,13,GSSSSLS,7
1498,GKTFSTSASDFSY,13,GKTFST,6
1498,GKTFSTSASDFSY,13,GKTFSTS,7
1499,GLTFSTQPSAWEY,13,GLTFST,6
1499,GLTFSTQPSAWEY,13,GLTFSTQ,7
1500,GSVFSIDPSSFSA,13,GSVFSI,6
1500,GSVFSIDPSSFSA,13,GSVFSID,7
1501,ANASSGFSY,9,ANASSG,6
1501,ANASSGFSY,9,ANASSGF,7
1502,ASSSSGFSA,9,ASSSSG,6
1502,ASSSSGFSA,9,ASSSSGF,7
1503,SNSNSGFTF,9,SNSNSG,6
1503,SNSNSGFTF,9,SNSNSGF,7
1504,ADSSSGFSY,9,ADSSSG,6
1504,ADSSSGFSY,9,ADSSSGF,7
1505,GLSSSLSSFRY,11,GLSSSL,6
1505,GLSSSLSSFRY,11,GLSSSLS,7
1506,GSSSSLSSFRY,11,GSSSSL,6
1506,GSSSSLSSFRY,11,GSSSSLS,7
1507,GTSDSLSSFRY,11,GTSDSL,6
1507,GTSDSLSSFRY,11,GTSDSLS,7
1508,GLSDSLSSFRY,11,GLSDSL,6
1508,GLSDSLSSFRY,11,GLSDSLS,7
1513,GPGVLNDFQF,10,GPGVLN,6
1513,GPGVLNDFQF,10,GPGVLND,7
1514,GPGVLSNYQY,10,GPGVLS,6
1514,GPGVLSNYQY,10,GPGVLSN,7
1515,GPGVINSYSY,10,GPGVIN,6
1515,GPGVINSYSY,10,GPGVINS,7
1516,GPGVINSFSH,10,GPGVIN,6
1516,GPGVINSFSH,10,GPGVINS,7
1517,GSSLTNMSQFQY,12,GSSLTN,6
1517,GSSLTNMSQFQY,12,GSSLTNM,7
1518,GSSLTDMSQFTA,12,GSSLTD,6
1518,GSSLTDMSQFTA,12,GSSLTDM,7
1519,GSSLTVMSNFTY,12,GSSLTV,6
1519,GSSLTVMSNFTY,12,GSSLTVM,7
1520,GPSLTNMSSFTA,12,GPSLTN,6
1520,GPSLTNMSSFTA,12,GPSLTNM,7
1525,GSSSSMSPSDYQY,13,GSSSSM,6
1525,GSSSSMSPSDYQY,13,GSSSSMS,7
1526,GSSSSMSPENYTY,13,GSSSSM,6
1526,GSSSSMSPENYTY,13,GSSSSMS,7
1527,GSSSSMSPSDYTY,13,GSSSSM,6
1527,GSSSSMSPSDYTY,13,GSSSSMS,7
1528,GSSSSLNPSDYTY,13,GSSSSL,6
1528,GSSSSLNPSDYTY,13,GSSSSLN,7
1533,GNSTDSVLTYRY,12,GNSTDS,6
1533,GNSTDSVLTYRY,12,GNSTDSV,7
1534,GNANAATLTFTS,12,GNANAA,6
1534,GNANAATLTFTS,12,GNANAAT,7
1535,GDGRAATRTFRY,12,GDGRAA,6
1535,GDGRAATRTFRY,12,GDGRAAT,7
1536,GNANDSVPTFRY,12,GNANDS,6
1536,GNANDSVPTFRY,12,GNANDSV,7
1541,GSGINASDKKY,11,GSGINA,6
1541,GSGINASDKKY,11,GSGINAS,7
1542,GSGISPSDKQY,11,GSGISP,6
1542,GSGISPSDKQY,11,GSGISPS,7
1543,GSGIEPSDKKY,11,GSGIEP,6
1543,GSGIEPSDKKY,11,GSGIEPS,7
1544,GSGILPEDKTY,11,GSGILP,6
1544,GSGILPEDKTY,11,GSGILPE,7
1549,GSSSSMSPSSYSY,13,GSSSSM,6
1549,GSSSSMSPSSYSY,13,GSSSSMS,7
1550,GSSASMSPSSYKY,13,GSSASM,6
1550,GSSASMSPSSYKY,13,GSSASMS,7
1551,GSGPSMDPSAYSY,13,GSGPSM,6
1551,GSGPSMDPSAYSY,13,GSGPSMD,7
1552,GSSSSMSPSSYTY,13,GSSSSM,6
1552,GSSSSMSPSSYTY,13,GSSSSMS,7
1557,GPSTGATVTYRY,12,GPSTGA,6
1557,GPSTGATVTYRY,12,GPSTGAT,7
1558,GSSEGPQNRFRY,12,GSSEGP,6
1558,GSSEGPQNRFRY,12,GSSEGPQ,7
1559,GSSSGPVVTYRY,12,GSSSGP,6
1559,GSSSGPVVTYRY,12,GSSSGPV,7
1560,GSSSGPQVTYKY,12,GSSSGP,6
1560,GSSSGPQVTYKY,12,GSSSGPQ,7
1561,GSSSSMNPSEYTY,13,GSSSSM,6
1561,GSSSSMNPSEYTY,13,GSSSSMN,7
1562,GSSYSMSPSEYKY,13,GSSYSM,6
1562,GSSYSMSPSEYKY,13,GSSYSMS,7
1563,GSSSSMSPANYTY,13,GSSSSM,6
1563,GSSSSMSPANYTY,13,GSSSSMS,7
1564,GSSSSMSPSNYSY,13,GSSSSM,6
1564,GSSSSMSPSNYSY,13,GSSSSMS,7
1565,GPYGEEQY,8,GPYGEE,6
1565,GPYGEEQY,8,GPYGEEQ,7
1566,GPYGEEQY,8,GPYGEE,6
1566,GPYGEEQY,8,GPYGEEQ,7
1567,GPYGNETA,8,GPYGNE,6
1567,GPYGNETA,8,GPYGNET,7
1568,GPYGNEQY,8,GPYGNE,6
1568,GPYGNEQY,8,GPYGNEQ,7
1573,SNGAFDITKFTH,12,SNGAFD,6
1573,SNGAFDITKFTH,12,SNGAFDI,7
1574,SNGPFDITKFKY,12,SNGPFD,6
1574,SNGPFDITKFKY,12,SNGPFDI,7
1575,SNGSFNVTQFQY,12,SNGSFN,6
1575,SNGSFNVTQFQY,12,SNGSFNV,7
1576,SNGPFDVTKFTY,12,SNGPFD,6
1576,SNGPFDVTKFTY,12,SNGPFDV,7
1577,GRGPQSWEF,9,GRGPQS,6
1577,GRGPQSWEF,9,GRGPQSW,7
1578,GRGNQTFQY,9,GRGNQT,6
1578,GRGNQTFQY,9,GRGNQTF,7
1579,GRDSTSFSY,9,GRDSTS,6
1579,GRDSTSFSY,9,GRDSTSF,7
1580,GRGSSTFEA,9,GRGSST,6
1580,GRGSSTFEA,9,GRGSSTF,7
1585,QFGNTGWDA,9,QFGNTG,6
1585,QFGNTGWDA,9,QFGNTGW,7
1586,QYGNSGWDA,9,QYGNSG,6
1586,QYGNSGWDA,9,QYGNSGW,7
1587,QYDNEGWSA,9,QYDNEG,6
1587,QYDNEGWSA,9,QYDNEGW,7
1588,QYDNSGFSA,9,QYDNSG,6
1588,QYDNSGFSA,9,QYDNSGF,7
1593,GLTLGDASAYSY,12,GLTLGD,6
1593,GLTLGDASAYSY,12,GLTLGDA,7
1594,GTSLGGPSSYQY,12,GTSLGG,6
1594,GTSLGGPSSYQY,12,GTSLGGP,7
1595,GLTLGGPSSYSY,12,GLTLGG,6
1595,GLTLGGPSSYSY,12,GLTLGGP,7
1596,GLTLGDASSYSY,12,GLTLGD,6
1596,GLTLGDASSYSY,12,GLTLGDA,7
1597,GRGGPFTA,8,GRGGPF,6
1597,GRGGPFTA,8,GRGGPFT,7
1598,GRGGPFTY,8,GRGGPF,6
1598,GRGGPFTY,8,GRGGPFT,7
1599,GKSGPFTY,8,GKSGPF,6
1599,GKSGPFTY,8,GKSGPFT,7
1600,GRGGPFTY,8,GRGGPF,6
1600,GRGGPFTY,8,GRGGPFT,7
1601,GKDGHFEY,8,GKDGHF,6
1601,GKDGHFEY,8,GKDGHFE,7
1602,GLDGHFQY,8,GLDGHF,6
1602,GLDGHFQY,8,GLDGHFQ,7
1603,GKDGHFQY,8,GKDGHF,6
1603,GKDGHFQY,8,GKDGHFQ,7
1604,GLDGDFQY,8,GLDGDF,6
1604,GLDGDFQY,8,GLDGDFQ,7
1605,RHLSESEFSA,10,RHLSES,6
1605,RHLSESEFSA,10,RHLSESE,7
1606,RHLSETEFSA,10,RHLSET,6
1606,RHLSETEFSA,10,RHLSETE,7
1607,QHVGESEWSA,10,QHVGES,6
1607,QHVGESEWSA,10,QHVGESE,7
1608,RHLSESDYQY,10,RHLSES,6
1608,RHLSESDYQY,10,RHLSESD,7
1613,GSSSSLNPSDYTY,13,GSSSSL,6
1613,GSSSSLNPSDYTY,13,GSSSSLN,7
1614,GSSSSMSPEDYTY,13,GSSSSM,6
1614,GSSSSMSPEDYTY,13,GSSSSMS,7
1615,GPSSSMNPSDYSY,13,GPSSSM,6
1615,GPSSSMNPSDYSY,13,GPSSSMN,7
1616,GSSSSMDPSSYTY,13,GSSSSM,6
1616,GSSSSMDPSSYTY,13,GSSSSMD,7
1621,GPSNSEFKY,9,GPSNSE,6
1621,GPSNSEFKY,9,GPSNSEF,7
1622,GPSNSEFTY,9,GPSNSE,6
1622,GPSNSEFTY,9,GPSNSEF,7
1623,GPSNRQFRY,9,GPSNRQ,6
1623,GPSNRQFRY,9,GPSNRQF,7
1624,GPSNRQFRY,9,GPSNRQ,6
1624,GPSNRQFRY,9,GPSNRQF,7
1629,ANGAGFTY,8,ANGAGF,6
1629,ANGAGFTY,8,ANGAGFT,7
1630,AKGSGFTY,8,AKGSGF,6
1630,AKGSGFTY,8,AKGSGFT,7
1631,AKGGGFTY,8,AKGGGF,6
1631,AKGGGFTY,8,AKGGGFT,7
1632,ANGGGFTA,8,ANGGGF,6
1632,ANGGGFTA,8,ANGGGFT,7
1633,GLGNHFQY,8,GLGNHF,6
1633,GLGNHFQY,8,GLGNHFQ,7
1634,GSGNTFTH,8,GSGNTF,6
1634,GSGNTFTH,8,GSGNTFT,7
1635,GLGNSFTA,8,GLGNSF,6
1635,GLGNSFTA,8,GLGNSFT,7
1636,GLGNQFQY,8,GLGNQF,6
1636,GLGNQFQY,8,GLGNQFQ,7
1637,GGGILPSDKQF,11,GGGILP,6
1637,GGGILPSDKQF,11,GGGILPS,7
1638,GSGILPSDKQY,11,GSGILP,6
1638,GSGILPSDKQY,11,GSGILPS,7
1639,GGGIKPEDKQY,11,GGGIKP,6
1639,GGGIKPEDKQY,11,GGGIKPE,7
1641,GSGVLPSDKSY,11,GSGVLP,6
1641,GSGVLPSDKSY,11,GSGVLPS,7
1642,GSGVLPSEKQY,11,GSGVLP,6
1642,GSGVLPSEKQY,11,GSGVLPS,7
1643,GSGVRPEEKTA,11,GSGVRP,6
1643,GSGVRPEEKTA,11,GSGVRPE,7
1644,GSGVRPSDKQY,11,GSGVRP,6
1644,GSGVRPSDKQY,11,GSGVRPS,7
1645,GSTASMNISDYSY,13,GSTASM,6
1645,GSTASMNISDYSY,13,GSTASMN,7
1646,GSSSSMSISSYSY,13,GSSSSM,6
1646,GSSSSMSISSYSY,13,GSSSSMS,7
1647,GSSSSMSISDYQY,13,GSSSSM,6
1647,GSSSSMSISDYQY,13,GSSSSMS,7
1648,GSSDSMDISDYKY,13,GSSDSM,6
1648,GSSDSMDISDYKY,13,GSSDSMD,7
1661,GREALDQFQY,10,GREALD,6
1661,GREALDQFQY,10,GREALDQ,7
1662,GRGSLSDFEY,10,GRGSLS,6
1662,GRGSLSDFEY,10,GRGSLSD,7
1663,GKGSLRDFQY,10,GKGSLR,6
1663,GKGSLRDFQY,10,GKGSLRD,7
1664,GQEALEEFQY,10,GQEALE,6
1664,GQEALEEFQY,10,GQEALEE,7
1669,DMSDIAPSSWRY,12,DMSDIA,6
1669,DMSDIAPSSWRY,12,DMSDIAP,7
1670,DQSGPAPSSWKY,12,DQSGPA,6
1670,DQSGPAPSSWKY,12,DQSGPAP,7
1671,GQSSMRPESWQY,12,GQSSMR,6
1671,GQSSMRPESWQY,12,GQSSMRP,7
1672,NQSDMSPSSWQY,12,NQSDMS,6
1672,NQSDMSPSSWQY,12,NQSDMSP,7
1673,GPEGHFTH,8,GPEGHF,6
1673,GPEGHFTH,8,GPEGHFT,7
1674,GPGGHFQY,8,GPGGHF,6
1674,GPGGHFQY,8,GPGGHFQ,7
1675,GSGGHFTY,8,GSGGHF,6
1675,GSGGHFTY,8,GSGGHFT,7
1676,GPGGHFTY,8,GPGGHF,6
1676,GPGGHFTY,8,GPGGHFT,7
1677,GLNRRFQY,8,GLNRRF,6
1677,GLNRRFQY,8,GLNRRFQ,7
1678,GLNNQFQY,8,GLNNQF,6
1678,GLNNQFQY,8,GLNNQFQ,7
1679,GRNRRFQY,8,GRNRRF,6
1679,GRNRRFQY,8,GRNRRFQ,7
1680,GRNNQFTY,8,GRNNQF,6
1680,GRNNQFTY,8,GRNNQFT,7
1681,GNAPLTSPQFPY,12,GNAPLT,6
1681,GNAPLTSPQFPY,12,GNAPLTS,7
1682,GNTELLSPRFPY,12,GNTELL,6
1682,GNTELLSPRFPY,12,GNTELLS,7
1683,GNAPLMSPEFPY,12,GNAPLM,6
1683,GNAPLMSPEFPY,12,GNAPLMS,7
1684,GNTELMSPQFPY,12,GNTELM,6
1684,GNTELMSPQFPY,12,GNTELMS,7
1685,SRENPWSA,8,SRENPW,6
1685,SRENPWSA,8,SRENPWS,7
1686,SRENPWQA,8,SRENPW,6
1686,SRENPWQA,8,SRENPWQ,7
1687,SRENPWEA,8,SRENPW,6
1687,SRENPWEA,8,SRENPWE,7
1688,SRENPWEA,8,SRENPW,6
1688,SRENPWEA,8,SRENPWE,7
1692,GSGARPSDFTY,11,GSGARP,6
1692,GSGARPSDFTY,11,GSGARPS,7
1693,GSSTSPESFKY,11,GSSTSP,6
1693,GSSTSPESFKY,11,GSSTSPE,7
1694,GPTMAPDSFQY,11,GPTMAP,6
1694,GPTMAPDSFQY,11,GPTMAPD,7
1695,GSTTSPESFKY,11,GSTTSP,6
1695,GSTTSPESFKY,11,GSTTSPE,7
1696,GSTMSPESFQY,11,GSTMSP,6
1696,GSTMSPESFQY,11,GSTMSPE,7
1701,GLDGHFQY,8,GLDGHF,6
1701,GLDGHFQY,8,GLDGHFQ,7
1702,GLDGHFQY,8,GLDGHF,6
1702,GLDGHFQY,8,GLDGHFQ,7
1703,GLDGNFTY,8,GLDGNF,6
1703,GLDGNFTY,8,GLDGNFT,7
1704,GLDGNFEY,8,GLDGNF,6
1704,GLDGNFEY,8,GLDGNFE,7
1709,SPAGQPPVFRY,11,SPAGQP,6
1709,SPAGQPPVFRY,11,SPAGQPP,7
1710,ALAGQPPTFRY,11,ALAGQP,6
1710,ALAGQPPTFRY,11,ALAGQPP,7
1711,ALAGQPPTFRF,11,ALAGQP,6
1711,ALAGQPPTFRF,11,ALAGQPP,7
1712,ALAGQPPTFRY,11,ALAGQP,6
1712,ALAGQPPTFRY,11,ALAGQPP,7
1713,GSSSSLNPSDYTY,13,GSSSSL,6
1713,GSSSSLNPSDYTY,13,GSSSSLN,7
1714,GSSSSLSPEDYQY,13,GSSSSL,6
1714,GSSSSLSPEDYQY,13,GSSSSLS,7
1715,GSSSSLNPEDYTY,13,GSSSSL,6
1715,GSSSSLNPEDYTY,13,GSSSSLN,7
1716,GSSSSLNPSDFTY,13,GSSSSL,6
1716,GSSSSLNPSDFTY,13,GSSSSLN,7
1717,GRGPPSDLSTFQY,13,GRGPPS,6
1717,GRGPPSDLSTFQY,13,GRGPPSD,7
1718,GLGSASNLGNFQY,13,GLGSAS,6
1718,GLGSASNLGNFQY,13,GLGSASN,7
1719,GLSSPSDLSKFQY,13,GLSSPS,6
1719,GLSSPSDLSKFQY,13,GLSSPSD,7
1720,GLGPPTRLGNFQY,13,GLGPPT,6
1720,GLGPPTRLGNFQY,13,GLGPPTR,7
1725,GEDANFTH,8,GEDANF,6
1725,GEDANFTH,8,GEDANFT,7
1726,GSDANFQY,8,GSDANF,6
1726,GSDANFQY,8,GSDANFQ,7
1727,GSNANFTY,8,GSNANF,6
1727,GSNANFTY,8,GSNANFT,7
1728,GAGANFTH,8,GAGANF,6
1728,GAGANFTH,8,GAGANFT,7
1729,GLAGPTRTFTY,11,GLAGPT,6
1729,GLAGPTRTFTY,11,GLAGPTR,7
1730,GPAGPTNSFTY,11,GPAGPT,6
1730,GPAGPTNSFTY,11,GPAGPTN,7
1731,GPAGSTRTFTY,11,GPAGST,6
1731,GPAGSTRTFTY,11,GPAGSTR,7
1732,GLSSSTRTFQY,11,GLSSST,6
1732,GLSSSTRTFQY,11,GLSSSTR,7
1733,GRDPLTYTH,9,GRDPLT,6
1733,GRDPLTYTH,9,GRDPLTY,7
1734,GSNPTTYTY,9,GSNPTT,6
1734,GSNPTTYTY,9,GSNPTTY,7
1735,GKTPTTYSY,9,GKTPTT,6
1735,GKTPTTYSY,9,GKTPTTY,7
1736,GRDSTTYTY,9,GRDSTT,6
1736,GRDSTTYTY,9,GRDSTTY,7
1737,GEDGHFKY,8,GEDGHF,6
1737,GEDGHFKY,8,GEDGHFK,7
1738,GRDGEFTY,8,GRDGEF,6
1738,GRDGEFTY,8,GRDGEFT,7
1739,GKDGYFQY,8,GKDGYF,6
1739,GKDGYFQY,8,GKDGYFQ,7
1740,GKDGHFQY,8,GKDGHF,6
1740,GKDGHFQY,8,GKDGHFQ,7
1757,GGGPYLTSTFKY,12,GGGPYL,6
1757,GGGPYLTSTFKY,12,GGGPYLT,7
1758,GGSSSLSDSYKY,12,GGSSSL,6
1758,GGSSSLSDSYKY,12,GGSSSLS,7
1759,GGGPSLSDSYKY,12,GGGPSL,6
1759,GGGPSLSDSYKY,12,GGGPSLS,7
1760,GGGPYLSDTYKY,12,GGGPYL,6
1760,GGGPYLSDTYKY,12,GGGPYLS,7
1761,ANANSGWAY,9,ANANSG,6
1761,ANANSGWAY,9,ANANSGW,7
1762,ANANSGWAY,9,ANANSG,6
1762,ANANSGWAY,9,ANANSGW,7
1763,ADSNHGWRY,9,ADSNHG,6
1763,ADSNHGWRY,9,ADSNHGW,7
1764,ANQNAGWQY,9,ANQNAG,6
1764,ANQNAGWQY,9,ANQNAGW,7
1765,QGSTNPIAA,9,QGSTNP,6
1765,QGSTNPIAA,9,QGSTNPI,7
1766,QGSTNPIQA,9,QGSTNP,6
1766,QGSTNPIQA,9,QGSTNPI,7
1767,QGSTNPIQA,9,QGSTNP,6
1767,QGSTNPIQA,9,QGSTNPI,7
1768,QGSTNPIQA,9,QGSTNP,6
1768,QGSTNPIQA,9,QGSTNPI,7
1769,GSTMAPESFTY,11,GSTMAP,6
1769,GSTMAPESFTY,11,GSTMAPE,7
1770,GSTMSPESFQY,11,GSTMSP,6
1770,GSTMSPESFQY,11,GSTMSPE,7
1771,GSTTSPESFQY,11,GSTTSP,6
1771,GSTTSPESFQY,11,GSTTSPE,7
1772,GSTTAVESFSY,11,GSTTAV,6
1772,GSTTAVESFSY,11,GSTTAVE,7
1773,GAGVRPSEKKY,11,GAGVRP,6
1773,GAGVRPSEKKY,11,GAGVRPS,7
1774,GAGVLPEEKKY,11,GAGVLP,6
1774,GAGVLPEEKKY,11,GAGVLPE,7
1775,GSGTLPSEKKY,11,GSGTLP,6
1775,GSGTLPSEKKY,11,GSGTLPS,7
1776,GSGVLPSEKRY,11,GSGVLP,6
1776,GSGVLPSEKRY,11,GSGVLPS,7
1777,GPTMRVESFQY,11,GPTMRV,6
1777,GPTMRVESFQY,11,GPTMRVE,7
1778,GSTMEPSSFQY,11,GSTMEP,6
1778,GSTMEPSSFQY,11,GSTMEPS,7
1780,GPTMEPSSFQY,11,GPTMEP,6
1780,GPTMEPSSFQY,11,GPTMEPS,7
1781,GSSIGEPFQY,10,GSSIGE,6
1781,GSSIGEPFQY,10,GSSIGEP,7
1782,GSSIGEPFQY,10,GSSIGE,6
1782,GSSIGEPFQY,10,GSSIGEP,7
1783,GSSIGEPFQY,10,GSSIGE,6
1783,GSSIGEPFQY,10,GSSIGEP,7
1784,GSSIGEPFQY,10,GSSIGE,6
1784,GSSIGEPFQY,10,GSSIGEP,7
1785,ARPGTGLTA,9,ARPGTG,6
1785,ARPGTGLTA,9,ARPGTGL,7
1786,ARKGQGLSA,9,ARKGQG,6
1786,ARKGQGLSA,9,ARKGQGL,7
1787,SRKGSGYSA,9,SRKGSG,6
1787,SRKGSGYSA,9,SRKGSGY,7
1788,ARPGQGWTY,9,ARPGQG,6
1788,ARPGQGWTY,9,ARPGQGW,7
1789,GPSSSMDPSTYRY,13,GPSSSM,6
1789,GPSSSMDPSTYRY,13,GPSSSMD,7
1790,GSSSSMDPSLYKY,13,GSSSSM,6
1790,GSSSSMDPSLYKY,13,GSSSSMD,7
1791,GSSSSMDPSLYKY,13,GSSSSM,6
1791,GSSSSMDPSLYKY,13,GSSSSMD,7
1792,GPSSSMNPNDYRY,13,GPSSSM,6
1792,GPSSSMNPNDYRY,13,GPSSSMN,7
1797,GSSSSMSASDYQY,13,GSSSSM,6
1797,GSSSSMSASDYQY,13,GSSSSMS,7
1798,GASDGMSASDYTY,13,GASDGM,6
1798,GASDGMSASDYTY,13,GASDGMS,7
1799,GSSSSMSASSYSY,13,GSSSSM,6
1799,GSSSSMSASSYSY,13,GSSSSMS,7
1800,GSSDSMSASSYTY,13,GSSDSM,6
1800,GSSDSMSASSYTY,13,GSSDSMS,7
1801,NGSSATPSSWTY,12,NGSSAT,6
1801,NGSSATPSSWTY,12,NGSSATP,7
1802,DMTGATPEDFKY,12,DMTGAT,6
1802,DMTGATPEDFKY,12,DMTGATP,7
1803,NGTSATPSSWQY,12,NGTSAT,6
1803,NGTSATPSSWQY,12,NGTSATP,7
1804,NMTTATPESYQY,12,NMTTAT,6
1804,NMTTATPESYQY,12,NMTTATP,7
1805,GSSNSMLPESYTY,13,GSSNSM,6
1805,GSSNSMLPESYTY,13,GSSNSML,7
1806,GSSDSMDVSSYKY,13,GSSDSM,6
1806,GSSDSMDVSSYKY,13,GSSDSMD,7
1807,GSSDSMRPEDYQY,13,GSSDSM,6
1807,GSSDSMRPEDYQY,13,GSSDSMR,7
1808,GSSSSMSPESYQY,13,GSSSSM,6
1808,GSSSSMSPESYQY,13,GSSSSMS,7
1809,GQTDISPSGWQY,12,GQTDIS,6
1809,GQTDISPSGWQY,12,GQTDISP,7
1810,DQSDISPSGWKY,12,DQSDIS,6
1810,DQSDISPSGWKY,12,DQSDISP,7
1811,GLTDISSSGWQY,12,GLTDIS,6
1811,GLTDISSSGWQY,12,GLTDISS,7
1812,GMSNISPEGWQY,12,GMSNIS,6
1812,GMSNISPEGWQY,12,GMSNISP,7
1813,GPTTSLESFKY,11,GPTTSL,6
1813,GPTTSLESFKY,11,GPTTSLE,7
1814,GPTTALSDFLY,11,GPTTAL,6
1814,GPTTALSDFLY,11,GPTTALS,7
1815,GPTTALEDFQY,11,GPTTAL,6
1815,GPTTALEDFQY,11,GPTTALE,7
1816,GSTTALEDFQY,11,GSTTAL,6
1816,GSTTALEDFQY,11,GSTTALE,7
1817,GRDNSFQY,8,GRDNSF,6
1817,GRDNSFQY,8,GRDNSFQ,7
1818,GRTNAFRY,8,GRTNAF,6
1818,GRTNAFRY,8,GRTNAFR,7
1819,GKDNSFQY,8,GKDNSF,6
1819,GKDNSFQY,8,GKDNSFQ,7
1820,GRDRSFRY,8,GRDRSF,6
1820,GRDRSFRY,8,GRDRSFR,7
1825,GGGVRPEEKQY,11,GGGVRP,6
1825,GGGVRPEEKQY,11,GGGVRPE,7
1827,GGGVRPSEKQY,11,GGGVRP,6
1827,GGGVRPSEKQY,11,GGGVRPS,7
1828,GGGVLPSEKKY,11,GGGVLP,6
1828,GGGVLPSEKKY,11,GGGVLPS,7
1829,GLSGENFQY,9,GLSGEN,6
1829,GLSGENFQY,9,GLSGENF,7
1830,GLSGENFQY,9,GLSGEN,6
1830,GLSGENFQY,9,GLSGENF,7
1831,GRSGENFQY,9,GRSGEN,6
1831,GRSGENFQY,9,GRSGENF,7
1832,GLSGQNFTY,9,GLSGQN,6
1832,GLSGQNFTY,9,GLSGQNF,7
1833,GSSSSMSPSSYTH,13,GSSSSM,6
1833,GSSSSMSPSSYTH,13,GSSSSMS,7
1834,GSSSSMSPSSYTY,13,GSSSSM,6
1834,GSSSSMSPSSYTY,13,GSSSSMS,7
1835,GSSNSMSPSSYTY,13,GSSNSM,6
1835,GSSNSMSPSSYTY,13,GSSNSMS,7
1836,GSSSSMSPSSYTY,13,GSSSSM,6
1836,GSSSSMSPSSYTY,13,GSSSSMS,7
1837,GQGASPSQKQY,11,GQGASP,6
1837,GQGASPSQKQY,11,GQGASPS,7
1838,GSGASPRHKQY,11,GSGASP,6
1838,GSGASPRHKQY,11,GSGASPR,7
1839,GSGASPSQKTY,11,GSGASP,6
1839,GSGASPSQKTY,11,GSGASPS,7
1840,GSGASPSQKQY,11,GSGASP,6
1840,GSGASPSQKQY,11,GSGASPS,7
1841,GRDGVFQY,8,GRDGVF,6
1841,GRDGVFQY,8,GRDGVFQ,7
1842,GKDGVFQY,8,GKDGVF,6
1842,GKDGVFQY,8,GKDGVFQ,7
1843,GTDGNFQY,8,GTDGNF,6
1843,GTDGNFQY,8,GTDGNFQ,7
1844,GLDGNFTA,8,GLDGNF,6
1844,GLDGNFTA,8,GLDGNFT,7
1845,GSSIGEPFQY,10,GSSIGE,6
1845,GSSIGEPFQY,10,GSSIGEP,7
1846,GPSIGEPFQY,10,GPSIGE,6
1846,GPSIGEPFQY,10,GPSIGEP,7
1847,GSSIGLPFQY,10,GSSIGL,6
1847,GSSIGLPFQY,10,GSSIGLP,7
1848,GSSIGLPFQY,10,GSSIGL,6
1848,GSSIGLPFQY,10,GSSIGLP,7
1861,GPASPSNSYEY,11,GPASPS,6
1861,GPASPSNSYEY,11,GPASPSN,7
1862,GPASSSNTYSA,11,GPASSS,6
1862,GPASSSNTYSA,11,GPASSSN,7
1863,GPESSSNSYRY,11,GPESSS,6
1863,GPESSSNSYRY,11,GPESSSN,7
1864,GPSSSSASYEY,11,GPSSSS,6
1864,GPSSSSASYEY,11,GPSSSSA,7
1865,GPNGYFQY,8,GPNGYF,6
1865,GPNGYFQY,8,GPNGYFQ,7
1866,GPDGYFTY,8,GPDGYF,6
1866,GPDGYFTY,8,GPDGYFT,7
1867,GKDGYFQY,8,GKDGYF,6
1867,GKDGYFQY,8,GKDGYFQ,7
1868,GSSGYFQY,8,GSSGYF,6
1868,GSSGYFQY,8,GSSGYFQ,7
1869,GRDYPFQY,8,GRDYPF,6
1869,GRDYPFQY,8,GRDYPFQ,7
1870,GKDDPFQY,8,GKDDPF,6
1870,GKDDPFQY,8,GKDDPFQ,7
1871,GRDNPFQY,8,GRDNPF,6
1871,GRDNPFQY,8,GRDNPFQ,7
1872,GKDYPFQF,8,GKDYPF,6
1872,GKDYPFQF,8,GKDYPFQ,7
1873,GPSIGEPFQY,10,GPSIGE,6
1873,GPSIGEPFQY,10,GPSIGEP,7
1874,GPSTGEPFQY,10,GPSTGE,6
1874,GPSTGEPFQY,10,GPSTGEP,7
1875,GPSIGEPFLY,10,GPSIGE,6
1875,GPSIGEPFLY,10,GPSIGEP,7
1876,GPSTGEPFQY,10,GPSTGE,6
1876,GPSTGEPFQY,10,GPSTGEP,7
1877,GPTTSVESFQY,11,GPTTSV,6
1877,GPTTSVESFQY,11,GPTTSVE,7
1878,GPTTDVSSFQY,11,GPTTDV,6
1878,GPTTDVSSFQY,11,GPTTDVS,7
1879,GPTTSVESFQF,11,GPTTSV,6
1879,GPTTSVESFQF,11,GPTTSVE,7
1880,GPTMSVESFKY,11,GPTMSV,6
1880,GPTMSVESFKY,11,GPTMSVE,7
1881,GKGDEFQY,8,GKGDEF,6
1881,GKGDEFQY,8,GKGDEFQ,7
1882,GEGDNFTY,8,GEGDNF,6
1882,GEGDNFTY,8,GEGDNFT,7
1883,GLGDQFQY,8,GLGDQF,6
1883,GLGDQFQY,8,GLGDQFQ,7
1884,GLGDEFQY,8,GLGDEF,6
1884,GLGDEFQY,8,GLGDEFQ,7
1885,GSGPSLNPSNYKY,13,GSGPSL,6
1885,GSGPSLNPSNYKY,13,GSGPSLN,7
1886,GSGSSLSPSNYTY,13,GSGSSL,6
1886,GSGSSLSPSNYTY,13,GSGSSLS,7
1887,GSGSSLSPSNYRY,13,GSGSSL,6
1887,GSGSSLSPSNYRY,13,GSGSSLS,7
1888,GSGSSLSPSNYRY,13,GSGSSL,6
1888,GSGSSLSPSNYRY,13,GSGSSLS,7
1889,GSSSSMSPSSYSY,13,GSSSSM,6
1889,GSSSSMSPSSYSY,13,GSSSSMS,7
1890,GSSSSMSPSSYSY,13,GSSSSM,6
1890,GSSSSMSPSSYSY,13,GSSSSMS,7
1891,GSSSSMSPSDYQY,13,GSSSSM,6
1891,GSSSSMSPSDYQY,13,GSSSSMS,7
1892,GSSSSMSPSNYTY,13,GSSSSM,6
1892,GSSSSMSPSNYTY,13,GSSSSMS,7
1893,GSKMTTPSSFQY,12,GSKMTT,6
1893,GSKMTTPSSFQY,12,GSKMTTP,7
1894,GSSLTTPSSFTY,12,GSSLTT,6
1894,GSSLTTPSSFTY,12,GSSLTTP,7
1895,GTQMTTPESFQY,12,GTQMTT,6
1895,GTQMTTPESFQY,12,GTQMTTP,7
1896,GTQMTNPASFQY,12,GTQMTN,6
1896,GTQMTNPASFQY,12,GTQMTNP,7
1901,APAGTAPFQH,10,APAGTA,6
1901,APAGTAPFQH,10,APAGTAP,7
1902,APAGTSSFQY,10,APAGTS,6
1902,APAGTSSFQY,10,APAGTSS,7
1903,APAGLQDFLY,10,APAGLQ,6
1903,APAGLQDFLY,10,APAGLQD,7
1904,APAGTAPFQY,10,APAGTA,6
1904,APAGTAPFQY,10,APAGTAP,7
1905,GPSLGEPFQY,10,GPSLGE,6
1905,GPSLGEPFQY,10,GPSLGEP,7
1906,GESLGEPFTY,10,GESLGE,6
1906,GESLGEPFTY,10,GESLGEP,7
1907,GSSLGEPFQY,10,GSSLGE,6
1907,GSSLGEPFQY,10,GSSLGEP,7
1908,GPSLGEPFKY,10,GPSLGE,6
1908,GPSLGEPFKY,10,GPSLGEP,7
1909,GPKSTPDTSGFHY,13,GPKSTP,6
1909,GPKSTPDTSGFHY,13,GPKSTPD,7
1910,GRSSSPSTSGFRY,13,GRSSSP,6
1910,GRSSSPSTSGFRY,13,GRSSSPS,7
1911,GNRSTPDTSGFRY,13,GNRSTP,6
1911,GNRSTPDTSGFRY,13,GNRSTPD,7
1912,GRRSSESTSGFQY,13,GRRSSE,6
1912,GRRSSESTSGFQY,13,GRRSSES,7
1913,SLNGGDFQY,9,SLNGGD,6
1913,SLNGGDFQY,9,SLNGGDF,7
1914,SLNGGDFQY,9,SLNGGD,6
1914,SLNGGDFQY,9,SLNGGDF,7
1915,SYNGGDFQY,9,SYNGGD,6
1915,SYNGGDFQY,9,SYNGGDF,7
1916,SLGGGPFQY,9,SLGGGP,6
1916,SLGGGPFQY,9,SLGGGPF,7
1917,QRNGSGWSA,9,QRNGSG,6
1917,QRNGSGWSA,9,QRNGSGW,7
1918,QKPGQDWTA,9,QKPGQD,6
1918,QKPGQDWTA,9,QKPGQDW,7
1919,QAPGQPWSA,9,QAPGQP,6
1919,QAPGQPWSA,9,QAPGQPW,7
1920,QRPGQGWTA,9,QRPGQG,6
1920,QRPGQGWTA,9,QRPGQGW,7
1921,GRSTSTRPEDWEY,13,GRSTST,6
1921,GRSTSTRPEDWEY,13,GRSTSTR,7
1922,GKHTSTEPSDWEY,13,GKHTST,6
1922,GKHTSTEPSDWEY,13,GKHTSTE,7
1923,GLYTSTKPSDWSY,13,GLYTST,6
1923,GLYTSTKPSDWSY,13,GLYTSTK,7
1924,GSSTSTLPSDWQY,13,GSSTST,6
1924,GSSTSTLPSDWQY,13,GSSTSTL,7
1937,APSATTDFLY,10,APSATT,6
1937,APSATTDFLY,10,APSATTD,7
1938,APSNLTEFQY,10,APSNLT,6
1938,APSNLTEFQY,10,APSNLTE,7
1939,SPASTSRFLY,10,SPASTS,6
1939,SPASTSRFLY,10,SPASTSR,7
1940,APANLTEFQY,10,APANLT,6
1940,APANLTEFQY,10,APANLTE,7
1941,GGYRPEDRQY,10,GGYRPE,6
1941,GGYRPEDRQY,10,GGYRPED,7
1942,GGYLPSEKQY,10,GGYLPS,6
1942,GGYLPSEKQY,10,GGYLPSE,7
1943,GGYRPEDRTY,10,GGYRPE,6
1943,GGYRPEDRTY,10,GGYRPED,7
1944,GGYLPSEKRY,10,GGYLPS,6
1944,GGYLPSEKRY,10,GGYLPSE,7
1945,GTNNTFKY,8,GTNNTF,6
1945,GTNNTFKY,8,GTNNTFK,7
1946,GRDRRFQY,8,GRDRRF,6
1946,GRDRRFQY,8,GRDRRFQ,7
1947,GLDNTFQY,8,GLDNTF,6
1947,GLDNTFQY,8,GLDNTFQ,7
1948,GRNRRFQY,8,GRNRRF,6
1948,GRNRRFQY,8,GRNRRFQ,7
1961,GSGGYFTA,8,GSGGYF,6
1961,GSGGYFTA,8,GSGGYFT,7
1962,GEDGYFTA,8,GEDGYF,6
1962,GEDGYFTA,8,GEDGYFT,7
1963,GKDGHFTA,8,GKDGHF,6
1963,GKDGHFTA,8,GKDGHFT,7
1964,GKDGYFQY,8,GKDGYF,6
1964,GKDGYFQY,8,GKDGYFQ,7
1965,GPTTSVESFQY,11,GPTTSV,6
1965,GPTTSVESFQY,11,GPTTSVE,7
1966,GPTTSVESFQY,11,GPTTSV,6
1966,GPTTSVESFQY,11,GPTTSVE,7
1967,GSTTSVESFQY,11,GSTTSV,6
1967,GSTTSVESFQY,11,GSTTSVE,7
1968,GPTTSVDSFQY,11,GPTTSV,6
1968,GPTTSVDSFQY,11,GPTTSVD,7
1973,GDGGPNPADQQY,12,GDGGPN,6
1973,GDGGPNPADQQY,12,GDGGPNP,7
1974,GLGGPLPSEQTY,12,GLGGPL,6
1974,GLGGPLPSEQTY,12,GLGGPLP,7
1975,GLGTPRPEDQSY,12,GLGTPR,6
1975,GLGTPRPEDQSY,12,GLGTPRP,7
1976,GDGSPSPSSKSY,12,GDGSPS,6
1976,GDGSPSPSSKSY,12,GDGSPSP,7
1981,AHDSTNGVQH,10,AHDSTN,6
1981,AHDSTNGVQH,10,AHDSTNG,7
1984,QLDSTSGIQH,10,QLDSTS,6
1984,QLDSTSGIQH,10,QLDSTSG,7
1989,GSSNSMSPTSYQY,13,GSSNSM,6
1989,GSSNSMSPTSYQY,13,GSSNSMS,7
1990,GSSNSMNPTDYKY,13,GSSNSM,6
1990,GSSNSMNPTDYKY,13,GSSNSMN,7
1991,GSSSSMNPTSYQY,13,GSSSSM,6
1991,GSSSSMNPTSYQY,13,GSSSSMN,7
1992,GSSDSMSPTSYSY,13,GSSDSM,6
1992,GSSDSMSPTSYSY,13,GSSDSMS,7
1993,NTTFDINSWSY,11,NTTFDI,6
1993,NTTFDINSWSY,11,NTTFDIN,7
1994,NKTFNINDWQY,11,NKTFNI,6
1994,NKTFNINDWQY,11,NKTFNIN,7
1995,NKTFDMNNWEY,11,NKTFDM,6
1995,NKTFDMNNWEY,11,NKTFDMN,7
1996,NKTFDINDWEY,11,NKTFDI,6
1996,NKTFDINDWEY,11,NKTFDIN,7
1997,GSTNSMNPSDYTY,13,GSTNSM,6
1997,GSTNSMNPSDYTY,13,GSTNSMN,7
1998,GSSNSMDPSSYKY,13,GSSNSM,6
1998,GSSNSMDPSSYKY,13,GSSNSMD,7
1999,GPSNSMNPEDYTY,13,GPSNSM,6
1999,GPSNSMNPEDYTY,13,GPSNSMN,7
2000,GSSNSMDPSSYSY,13,GSSNSM,6
2000,GSSNSMDPSSYSY,13,GSSNSMD,7
2009,GKEYPFQY,8,GKEYPF,6
2009,GKEYPFQY,8,GKEYPFQ,7
2010,SRDYPFQY,8,SRDYPF,6
2010,SRDYPFQY,8,SRDYPFQ,7
2011,SRDYPFQF,8,SRDYPF,6
2011,SRDYPFQF,8,SRDYPFQ,7
2012,GKDYPWQY,8,GKDYPW,6
2012,GKDYPWQY,8,GKDYPWQ,7
2013,SLGGSVRPEDFSY,13,SLGGSV,6
2013,SLGGSVRPEDFSY,13,SLGGSVR,7
2014,NLGGSVHPSDWSY,13,NLGGSV,6
2014,NLGGSVHPSDWSY,13,NLGGSVH,7
2015,NSGGSVRPEDFSY,13,NSGGSV,6
2015,NSGGSVRPEDFSY,13,NSGGSVR,7
2016,NLGGSVRPEDYQY,13,NLGGSV,6
2016,NLGGSVRPEDYQY,13,NLGGSVR,7
2017,GLETGSASDYQY,12,GLETGS,6
2017,GLETGSASDYQY,12,GLETGSA,7
2018,GKTLGGASDYQY,12,GKTLGG,6
2018,GKTLGGASDYQY,12,GKTLGGA,7
2019,GLTTGGSSDYKY,12,GLTTGG,6
2019,GLTTGGSSDYKY,12,GLTTGGS,7
2020,GPVLGGASDYQF,12,GPVLGG,6
2020,GPVLGGASDYQF,12,GPVLGGA,7
2025,GSYTSPESFQY,11,GSYTSP,6
2025,GSYTSPESFQY,11,GSYTSPE,7
2026,GEHTAIEDFTY,11,GEHTAI,6
2026,GEHTAIEDFTY,11,GEHTAIE,7
2027,GSYTSIDDFTF,11,GSYTSI,6
2027,GSYTSIDDFTF,11,GSYTSID,7
2028,GETTAPDSFKY,11,GETTAP,6
2028,GETTAPDSFKY,11,GETTAPD,7
2029,GKNGGFTY,8,GKNGGF,6
2029,GKNGGFTY,8,GKNGGFT,7
2030,GNNGGFTY,8,GNNGGF,6
2030,GNNGGFTY,8,GNNGGFT,7
2031,ARGSGFTY,8,ARGSGF,6
2031,ARGSGFTY,8,ARGSGFT,7
2032,GDGSGFTY,8,GDGSGF,6
2032,GDGSGFTY,8,GDGSGFT,7
2033,GLNNSFTY,8,GLNNSF,6
2033,GLNNSFTY,8,GLNNSFT,7
2034,GLNRSFRY,8,GLNRSF,6
2034,GLNRSFRY,8,GLNRSFR,7
2035,GLNNRFQY,8,GLNNRF,6
2035,GLNNRFQY,8,GLNNRFQ,7
2036,GRNRSFQY,8,GRNRSF,6
2036,GRNRSFQY,8,GRNRSFQ,7
2037,GLGGHFTA,8,GLGGHF,6
2037,GLGGHFTA,8,GLGGHFT,7
2038,GQGGHFQY,8,GQGGHF,6
2038,GQGGHFQY,8,GQGGHFQ,7
2039,GLGGKFQY,8,GLGGKF,6
2039,GLGGKFQY,8,GLGGKFQ,7
2040,GLGGHFQY,8,GLGGHF,6
2040,GLGGHFQY,8,GLGGHFQ,7
2045,GTGVRQEDKQY,11,GTGVRQ,6
2045,GTGVRQEDKQY,11,GTGVRQE,7
2047,GTGVRASDKTA,11,GTGVRA,6
2047,GTGVRASDKTA,11,GTGVRAS,7
2048,GSGVRSSDKSA,11,GSGVRS,6
2048,GSGVRSSDKSA,11,GSGVRSS,7
2049,GTAGNFTA,8,GTAGNF,6
2049,GTAGNFTA,8,GTAGNFT,7
2050,GQAGEFTA,8,GQAGEF,6
2050,GQAGEFTA,8,GQAGEFT,7
2051,GSAGNFQY,8,GSAGNF,6
2051,GSAGNFQY,8,GSAGNFQ,7
2052,GKAGEFTA,8,GKAGEF,6
2052,GKAGEFTA,8,GKAGEFT,7
2057,GKGATTLTSNFQY,13,GKGATT,6
2057,GKGATTLTSNFQY,13,GKGATTL,7
2058,GLGATTLTDQYQY,13,GLGATT,6
2058,GLGATTLTDQYQY,13,GLGATTL,7
2059,GVGATTLTSQYQY,13,GVGATT,6
2059,GVGATTLTSQYQY,13,GVGATTL,7
2060,GLGATTLTSQYQY,13,GLGATT,6
2060,GLGATTLTSQYQY,13,GLGATTL,7
2061,GRSGRSFTY,9,GRSGRS,6
2061,GRSGRSFTY,9,GRSGRSF,7
2062,GRDPSSFRY,9,GRDPSS,6
2062,GRDPSSFRY,9,GRDPSSF,7
2063,GKDPKSFKY,9,GKDPKS,6
2063,GKDPKSFKY,9,GKDPKSF,7
2064,GRTPQSYTY,9,GRTPQS,6
2064,GRTPQSYTY,9,GRTPQSY,7
2065,GLTLSTLEDYQY,12,GLTLST,6
2065,GLTLSTLEDYQY,12,GLTLSTL,7
2066,GEKLSALEDYQY,12,GEKLSA,6
2066,GEKLSALEDYQY,12,GEKLSAL,7
2067,GSVLSTPEDYQY,12,GSVLST,6
2067,GSVLSTPEDYQY,12,GSVLSTP,7
2068,GATLSDLSDYQY,12,GATLSD,6
2068,GATLSDLSDYQY,12,GATLSDL,7
2069,ATVGQGFTY,9,ATVGQG,6
2069,ATVGQGFTY,9,ATVGQGF,7
2071,SKVGTGFEY,9,SKVGTG,6
2071,SKVGTGFEY,9,SKVGTGF,7
2072,STVGQGFTF,9,STVGQG,6
2072,STVGQGFTF,9,STVGQGF,7
2073,GESLGTPFQY,10,GESLGT,6
2073,GESLGTPFQY,10,GESLGTP,7
2074,GASLGSPFQY,10,GASLGS,6
2074,GASLGSPFQY,10,GASLGSP,7
2075,GSSTGSPFTY,10,GSSTGS,6
2075,GSSTGSPFTY,10,GSSTGSP,7
2076,GSSLGSPFQY,10,GSSLGS,6
2076,GSSLGSPFQY,10,GSSLGSP,7
2081,GLGRSFKY,8,GLGRSF,6
2081,GLGRSFKY,8,GLGRSFK,7
2082,GLGNRFTW,8,GLGNRF,6
2082,GLGNRFTW,8,GLGNRFT,7
2083,GLGRTYQY,8,GLGRTY,6
2083,GLGRTYQY,8,GLGRTYQ,7
2084,GLGNSFQY,8,GLGNSF,6
2084,GLGNSFQY,8,GLGNSFQ,7
2085,GSGGNFQY,8,GSGGNF,6
2085,GSGGNFQY,8,GSGGNFQ,7
2086,GSGGNFQY,8,GSGGNF,6
2086,GSGGNFQY,8,GSGGNFQ,7
2087,GSGGNFQY,8,GSGGNF,6
2087,GSGGNFQY,8,GSGGNFQ,7
2088,GEGGNFQY,8,GEGGNF,6
2088,GEGGNFQY,8,GEGGNFQ,7
2097,GLNAAFSEFQY,11,GLNAAF,6
2097,GLNAAFSEFQY,11,GLNAAFS,7
2098,GLSAAFSEFQY,11,GLSAAF,6
2098,GLSAAFSEFQY,11,GLSAAFS,7
2099,GLNADFSEFQY,11,GLNADF,6
2099,GLNADFSEFQY,11,GLNADFS,7
2100,GLSPRFSEFQY,11,GLSPRF,6
2100,GLSPRFSEFQY,11,GLSPRFS,7
2105,GNSSSYSGPFKY,12,GNSSSY,6
2105,GNSSSYSGPFKY,12,GNSSSYS,7
2106,GNSSTVSSDYQY,12,GNSSTV,6
2106,GNSSTVSSDYQY,12,GNSSTVS,7
2107,GRSSSYSGQYQY,12,GRSSSY,6
2107,GRSSSYSGQYQY,12,GRSSSYS,7
2108,GRSSSITGPFRY,12,GRSSSI,6
2108,GRSSSITGPFRY,12,GRSSSIT,7
2109,GPGALDEFTH,10,GPGALD,6
2109,GPGALDEFTH,10,GPGALDE,7
2110,GPNSFDEFTY,10,GPNSFD,6
2110,GPNSFDEFTY,10,GPNSFDE,7
2111,GSDSLDEFSY,10,GSDSLD,6
2111,GSDSLDEFSY,10,GSDSLDE,7
2112,GPNSLDSFTY,10,GPNSLD,6
2112,GPNSLDSFTY,10,GPNSLDS,7
2113,GRTPRTYRY,9,GRTPRT,6
2113,GRTPRTYRY,9,GRTPRTY,7
2114,GRNPLSYKY,9,GRNPLS,6
2114,GRNPLSYKY,9,GRNPLSY,7
2115,GRTPLTYQY,9,GRTPLT,6
2115,GRTPLTYQY,9,GRTPLTY,7
2116,GRTPRSYKY,9,GRTPRS,6
2116,GRTPRSYKY,9,GRTPRSY,7
2117,ADSNSGWTY,9,ADSNSG,6
2117,ADSNSGWTY,9,ADSNSGW,7
2118,ADSNHGWAY,9,ADSNHG,6
2118,ADSNHGWAY,9,ADSNHGW,7
2119,ANSSSGWSY,9,ANSSSG,6
2119,ANSSSGWSY,9,ANSSSGW,7
2120,ADSSSGWAY,9,ADSSSG,6
2120,ADSSSGWAY,9,ADSSSGW,7
2121,GPGSSPSFQY,10,GPGSSP,6
2121,GPGSSPSFQY,10,GPGSSPS,7
2122,GPGSSNSFLY,10,GPGSSN,6
2122,GPGSSNSFLY,10,GPGSSNS,7
2123,GPGSSNAFKY,10,GPGSSN,6
2123,GPGSSNAFKY,10,GPGSSNA,7
2124,GPGSSNAFRY,10,GPGSSN,6
2124,GPGSSNAFRY,10,GPGSSNA,7
2125,GKDFHFEY,8,GKDFHF,6
2125,GKDFHFEY,8,GKDFHFE,7
2126,GSDFHFQY,8,GSDFHF,6
2126,GSDFHFQY,8,GSDFHFQ,7
2127,GSDMHFSY,8,GSDMHF,6
2127,GSDMHFSY,8,GSDMHFS,7
2128,GSDFHFTY,8,GSDFHF,6
2128,GSDFHFTY,8,GSDFHFT,7
2133,GTGTDIRDFKY,11,GTGTDI,6
2133,GTGTDIRDFKY,11,GTGTDIR,7
2134,GTGTDVRNFKY,11,GTGTDV,6
2134,GTGTDVRNFKY,11,GTGTDVR,7
2135,GSSTDVRNFQY,11,GSSTDV,6
2135,GSSTDVRNFQY,11,GSSTDVR,7
2136,GSGTDVSNFKY,11,GSGTDV,6
2136,GSGTDVSNFKY,11,GSGTDVS,7
2137,GQSSSYTGVFHF,12,GQSSSY,6
2137,GQSSSYTGVFHF,12,GQSSSYT,7
2138,GESSSYTGLFRY,12,GESSSY,6
2138,GESSSYTGLFRY,12,GESSSYT,7
2139,GNSSSYTGPFQY,12,GNSSSY,6
2139,GNSSSYTGPFQY,12,GNSSSYT,7
2140,GQSSSYTGVYQY,12,GQSSSY,6
2140,GQSSSYTGVYQY,12,GQSSSYT,7
2141,GDSTDFTF,8,GDSTDF,6
2141,GDSTDFTF,8,GDSTDFT,7
2142,GNSTGFTY,8,GNSTGF,6
2142,GNSTGFTY,8,GNSTGFT,7
2143,GNNTGFTY,8,GNNTGF,6
2143,GNNTGFTY,8,GNNTGFT,7
2144,GNSTDFTY,8,GNSTDF,6
2144,GNSTDFTY,8,GNSTDFT,7
2145,GPSTAIESFQY,11,GPSTAI,6
2145,GPSTAIESFQY,11,GPSTAIE,7
2146,GPTTAPESFQY,11,GPTTAP,6
2146,GPTTAPESFQY,11,GPTTAPE,7
2147,GSGTALSEFQY,11,GSGTAL,6
2147,GSGTALSEFQY,11,GSGTALS,7
2148,GPGTALESFKY,11,GPGTAL,6
2148,GPGTALESFKY,11,GPGTALE,7
2149,GLSPSRFTY,9,GLSPSR,6
2149,GLSPSRFTY,9,GLSPSRF,7
2150,GLSPTRFQY,9,GLSPTR,6
2150,GLSPTRFQY,9,GLSPTRF,7
2151,GRDPTRFTY,9,GRDPTR,6
2151,GRDPTRFTY,9,GRDPTRF,7
2152,GRDPRRFTA,9,GRDPRR,6
2152,GRDPRRFTA,9,GRDPRRF,7
2153,GKNGVFQY,8,GKNGVF,6
2153,GKNGVFQY,8,GKNGVFQ,7
2154,GKDGVFQY,8,GKDGVF,6
2154,GKDGVFQY,8,GKDGVFQ,7
2155,GRDGRFTY,8,GRDGRF,6
2155,GRDGRFTY,8,GRDGRFT,7
2156,GKNGVFTH,8,GKNGVF,6
2156,GKNGVFTH,8,GKNGVFT,7
2157,GLSVDNSWQY,10,GLSVDN,6
2157,GLSVDNSWQY,10,GLSVDNS,7
2158,GPTVSSDFQY,10,GPTVSS,6
2158,GPTVSSDFQY,10,GPTVSSD,7
2159,GLSTSSDWQF,10,GLSTSS,6
2159,GLSTSSDWQF,10,GLSTSSD,7
2160,GLDTSSNFQY,10,GLDTSS,6
2160,GLDTSSNFQY,10,GLDTSSN,7
2161,GSYSSPQY,8,GSYSSP,6
2161,GSYSSPQY,8,GSYSSPQ,7
2162,GAYDDFQY,8,GAYDDF,6
2162,GAYDDFQY,8,GAYDDFQ,7
2163,GSYDSPQY,8,GSYDSP,6
2163,GSYDSPQY,8,GSYDSPQ,7
2164,GAYGSPQY,8,GAYGSP,6
2164,GAYGSPQY,8,GAYGSPQ,7
2165,GKSLDSPEY,9,GKSLDS,6
2165,GKSLDSPEY,9,GKSLDSP,7
2166,GKSLSEPQY,9,GKSLSE,6
2166,GKSLSEPQY,9,GKSLSEP,7
2167,GKSLSSPQY,9,GKSLSS,6
2167,GKSLSSPQY,9,GKSLSSP,7
2168,GKSLSSPKY,9,GKSLSS,6
2168,GKSLSSPKY,9,GKSLSSP,7
2169,GSSFSLSSFTH,11,GSSFSL,6
2169,GSSFSLSSFTH,11,GSSFSLS,7
2170,GSSFSLSSFKY,11,GSSFSL,6
2170,GSSFSLSSFKY,11,GSSFSLS,7
2171,GPGFALSDFKH,11,GPGFAL,6
2171,GPGFALSDFKH,11,GPGFALS,7
2172,GPGFSLSSFTH,11,GPGFSL,6
2172,GPGFSLSSFTH,11,GPGFSLS,7
2177,GNSSTLSGNYRY,12,GNSSTL,6
2177,GNSSTLSGNYRY,12,GNSSTLS,7
2178,GLSSTLSGNFTY,12,GLSSTL,6
2178,GLSSTLSGNFTY,12,GLSSTLS,7
2179,GESSGLSGNFTY,12,GESSGL,6
2179,GESSGLSGNFTY,12,GESSGLS,7
2180,GQSSSLSTSYRY,12,GQSSSL,6
2180,GQSSSLSTSYRY,12,GQSSSLS,7
2181,LAPSSGDFQY,10,LAPSSG,6
2181,LAPSSGDFQY,10,LAPSSGD,7
2182,LSPDSGNFQY,10,LSPDSG,6
2182,LSPDSGNFQY,10,LSPDSGN,7
2183,LSPSSGDFQY,10,LSPSSG,6
2183,LSPSSGDFQY,10,LSPSSGD,7
2184,RPPSSGNFQF,10,RPPSSG,6
2184,RPPSSGNFQF,10,RPPSSGN,7
2193,GPPGEYSF,8,GPPGEY,6
2193,GPPGEYSF,8,GPPGEYS,7
2194,GQPGEYTY,8,GQPGEY,6
2194,GQPGEYTY,8,GQPGEYT,7
2195,GEPGNYKY,8,GEPGNY,6
2195,GEPGNYKY,8,GEPGNYK,7
2196,GEPGRYSY,8,GEPGRY,6
2196,GEPGRYSY,8,GEPGRYS,7
2201,GPSTSVESFQY,11,GPSTSV,6
2201,GPSTSVESFQY,11,GPSTSVE,7
2202,GPTTAVEDFQY,11,GPTTAV,6
2202,GPTTAVEDFQY,11,GPTTAVE,7
2203,GPTTSVDSFQY,11,GPTTSV,6
2203,GPTTSVDSFQY,11,GPTTSVD,7
2204,GPTTDVRSFQY,11,GPTTDV,6
2204,GPTTDVRSFQY,11,GPTTDVR,7
2205,ASASSGWTY,9,ASASSG,6
2205,ASASSGWTY,9,ASASSGW,7
2206,ASSSSGWSS,9,ASSSSG,6
2206,ASSSSGWSS,9,ASSSSGW,7
2207,ANASSGWTY,9,ANASSG,6
2207,ANASSGWTY,9,ANASSGW,7
2208,ASSNSGWSA,9,ASSNSG,6
2208,ASSNSGWSA,9,ASSNSGW,7
2209,GTSGFGASDFQY,12,GTSGFG,6
2209,GTSGFGASDFQY,12,GTSGFGA,7
2210,GTSGFSASDFTA,12,GTSGFS,6
2210,GTSGFSASDFTA,12,GTSGFSA,7
2211,GTSGFGASDYQY,12,GTSGFG,6
2211,GTSGFGASDYQY,12,GTSGFGA,7
2212,GTSGFGASDFSA,12,GTSGFG,6
2212,GTSGFGASDFSA,12,GTSGFGA,7
2221,GSGTLPSDKSY,11,GSGTLP,6
2221,GSGTLPSDKSY,11,GSGTLPS,7
2222,GSGVLPSDKAY,11,GSGVLP,6
2222,GSGVLPSDKAY,11,GSGVLPS,7
2223,GSGVRPEDKQY,11,GSGVRP,6
2223,GSGVRPEDKQY,11,GSGVRPE,7
2224,GSGVRPEDKQY,11,GSGVRP,6
2224,GSGVRPEDKQY,11,GSGVRPE,7
2237,GLEGEQFRY,9,GLEGEQ,6
2237,GLEGEQFRY,9,GLEGEQF,7
2238,GLEGQQFRY,9,GLEGQQ,6
2238,GLEGQQFRY,9,GLEGQQF,7
2239,GLEGQPFRY,9,GLEGQP,6
2239,GLEGQPFRY,9,GLEGQPF,7
2240,GLEGQLFRY,9,GLEGQL,6
2240,GLEGQLFRY,9,GLEGQLF,7
2241,GLNNRFTY,8,GLNNRF,6
2241,GLNNRFTY,8,GLNNRFT,7
2242,GLNNRFTH,8,GLNNRF,6
2242,GLNNRFTH,8,GLNNRFT,7
2243,GLNNHFTY,8,GLNNHF,6
2243,GLNNHFTY,8,GLNNHFT,7
2244,GLNNRFQY,8,GLNNRF,6
2244,GLNNRFQY,8,GLNNRFQ,7
2245,ASPGSGFTY,9,ASPGSG,6
2245,ASPGSGFTY,9,ASPGSGF,7
2246,ASPSSGFTY,9,ASPSSG,6
2246,ASPSSGFTY,9,ASPSSGF,7
2247,ASPDSGFTY,9,ASPDSG,6
2247,ASPDSGFTY,9,ASPDSGF,7
2248,ASPSSGFTY,9,ASPSSG,6
2248,ASPSSGFTY,9,ASPSSGF,7
2249,GSSTDSLSDYQY,12,GSSTDS,6
2249,GSSTDSLSDYQY,12,GSSTDSL,7
2250,GRSTDSLSDYEY,12,GRSTDS,6
2250,GRSTDSLSDYEY,12,GRSTDSL,7
2251,GLYTDSLSGYKY,12,GLYTDS,6
2251,GLYTDSLSGYKY,12,GLYTDSL,7
2252,GKYTGSLSDYQY,12,GKYTGS,6
2252,GKYTGSLSDYQY,12,GKYTGSL,7
2253,GSSGSMSPENYQY,13,GSSGSM,6
2253,GSSGSMSPENYQY,13,GSSGSMS,7
2254,GSSGSMNPENYTA,13,GSSGSM,6
2254,GSSGSMNPENYTA,13,GSSGSMN,7
2255,GSSGSMRPEEYQY,13,GSSGSM,6
2255,GSSGSMRPEEYQY,13,GSSGSMR,7
2256,GSSGSMSPEEYSY,13,GSSGSM,6
2256,GSSGSMSPEEYSY,13,GSSGSMS,7
2261,GEGGNFQY,8,GEGGNF,6
2261,GEGGNFQY,8,GEGGNFQ,7
2262,GSGGNFTY,8,GSGGNF,6
2262,GSGGNFTY,8,GSGGNFT,7
2263,GEGGNFTY,8,GEGGNF,6
2263,GEGGNFTY,8,GEGGNFT,7
2264,GEGGNFTY,8,GEGGNF,6
2264,GEGGNFTY,8,GEGGNFT,7
2273,SLGGNFQY,8,SLGGNF,6
2273,SLGGNFQY,8,SLGGNFQ,7
2274,SLGGDFQY,8,SLGGDF,6
2274,SLGGDFQY,8,SLGGDFQ,7
2275,STGGDFQY,8,STGGDF,6
2275,STGGDFQY,8,STGGDFQ,7
2276,STGGDFTH,8,STGGDF,6
2276,STGGDFTH,8,STGGDFT,7
2277,ANSGGWTY,8,ANSGGW,6
2277,ANSGGWTY,8,ANSGGWT,7
2278,SNSGGWSY,8,SNSGGW,6
2278,SNSGGWSY,8,SNSGGWS,7
2279,ANSGGWTY,8,ANSGGW,6
2279,ANSGGWTY,8,ANSGGWT,7
2280,ANSSGWQY,8,ANSSGW,6
2280,ANSSGWQY,8,ANSSGWQ,7
2282,QNSSSNGIQY,10,QNSSSN,6
2282,QNSSSNGIQY,10,QNSSSNG,7
2285,GLTTGDLRSYQY,12,GLTTGD,6
2285,GLTTGDLRSYQY,12,GLTTGDL,7
2286,GLHTGSASDYTY,12,GLHTGS,6
2286,GLHTGSASDYTY,12,GLHTGSA,7
2287,GLHTGGAEDYAY,12,GLHTGG,6
2287,GLHTGGAEDYAY,12,GLHTGGA,7
2288,GSTTGGLSDYQY,12,GSTTGG,6
2288,GSTTGGLSDYQY,12,GSTTGGL,7
2289,GHSSSPRFLY,10,GHSSSP,6
2289,GHSSSPRFLY,10,GHSSSPR,7
2290,GHSSDPEFRF,10,GHSSDP,6
2290,GHSSDPEFRF,10,GHSSDPE,7
2291,GHSSDPSFKY,10,GHSSDP,6
2291,GHSSDPSFKY,10,GHSSDPS,7
2292,GHSSDPQYRF,10,GHSSDP,6
2292,GHSSDPQYRF,10,GHSSDPQ,7
2297,GPTIENLSNFQY,12,GPTIEN,6
2297,GPTIENLSNFQY,12,GPTIENL,7
